,Rank,TOP500 Rank,Name,Computer,Site,Manufacturer,Country,Year,Segment,Total Cores,Accelerator/Co-Processor Cores,Rmax [TFlop/s],Rpeak [TFlop/s],Power (kW),Power Source,Energy Efficiency [GFlops/Watts],Power Source.1,Power Quality Level,Optimized Run (HPL),Optimized Run (Peak Power),Memory,Architecture,Processor,Processor Technology,Processor Speed (MHz),Operating System,OS Family,Accelerator/Co-Processor,Cores per Socket,Processor Generation,System Model,System Family,Interconnect Family,Interconnect,Continent,Site ID,System ID
0,1,255,Henri,"ThinkSystem SR670 V2, Intel Xeon Platinum 8362 32C 2.8GHz, NVIDIA H100 80GB PCIe, Infiniband HDR",Flatiron Institute,Lenovo,United States,2022,Research,8288,"7,392",2882.0,3579.13,44.07,Submitted,65.4,,,,,,Cluster,Intel Xeon Platinum 8362 32C 2.8GHz,Intel Ice Lake,2800.0,Linux,Linux,NVIDIA H100,32,Xeon Platinum 83xx (Ice Lake),ThinkSystem SR670 V2,Lenovo ThinkSystem,Infiniband,Infiniband HDR,North America,"50,943",180087
1,2,34,Frontier TDS,"HPE Cray EX235a, AMD Optimized 3rd Generation EPYC 64C 2GHz, AMD Instinct MI250X, Slingshot-11",DOE/SC/Oak Ridge National Laboratory,HPE,United States,2021,Research,120832,"112,640",19200.0,23105.54,308.68,Optimized,62.68,Optimized,3.0,"19,200.00",306.30,,MPP,AMD Optimized 3rd Generation EPYC 64C 2GHz,AMD Zen-3 (Milan),2000.0,HPE Cray OS,Linux,AMD Instinct MI250X,64,AMD Zen-3 (Milan),HPE Cray EX235a,HPE Cray EX,Gigabit Ethernet,Slingshot-11,North America,"48,553",180053
2,3,12,Adastra,"HPE Cray EX235a, AMD Optimized 3rd Generation EPYC 64C 2GHz, AMD Instinct MI250X, Slingshot-11",Grand Equipement National de Calcul Intensif - Centre Informatique National de l'Enseignement Suprieur (GENCI-CINES),HPE,France,2022,Academic,319072,"297,440",46100.0,61607.94,921.48,Optimized,58.02,Optimized,1.0,"45,940.00",791.78,,MPP,AMD Optimized 3rd Generation EPYC 64C 2GHz,AMD Zen-3 (Milan),2000.0,HPE Cray OS,Linux,AMD Instinct MI250X,64,AMD Zen-3 (Milan),HPE Cray EX235a,HPE Cray EX,Gigabit Ethernet,Slingshot-11,Europe,"50,203",180051
3,4,17,Setonix – GPU,"HPE Cray EX235a, AMD Optimized 3rd Generation EPYC 64C 2GHz, AMD Instinct MI250X, Slingshot-11","Pawsey Supercomputing Centre, Kensington, Western Australia",HPE,Australia,2022,Research,181248,"168,960",27160.0,34996.22,476.63,Submitted,56.98,,,,,,MPP,AMD Optimized 3rd Generation EPYC 64C 2GHz,AMD Zen-3 (Milan),2000.0,HPE Cray OS,Linux,AMD Instinct MI250X,64,AMD Zen-3 (Milan),HPE Cray EX235a,HPE Cray EX,Gigabit Ethernet,Slingshot-11,Oceania,"50,488",180123
4,5,77,Dardel GPU,"HPE Cray EX235a, AMD Optimized 3rd Generation EPYC 64C 2GHz, AMD Instinct MI250X, Slingshot-11",KTH - Royal Institute of Technology,HPE,Sweden,2022,Academic,52864,"49,280",8259.0,10207.23,146.2,Submitted,56.49,,,,,,MPP,AMD Optimized 3rd Generation EPYC 64C 2GHz,AMD Zen-3 (Milan),2000.0,HPE Cray OS,Linux,AMD Instinct MI250X,64,AMD Zen-3 (Milan),HPE Cray EX235a,HPE Cray EX,Gigabit Ethernet,Slingshot-11,Europe,"48,188",180126
5,6,1,Frontier,"HPE Cray EX235a, AMD Optimized 3rd Generation EPYC 64C 2GHz, AMD Instinct MI250X, Slingshot-11",DOE/SC/Oak Ridge National Laboratory,HPE,United States,2021,Research,8699904,"8,138,240",1194000.0,1679818.75,22703.0,Submitted,52.59,,1.0,,,,MPP,AMD Optimized 3rd Generation EPYC 64C 2GHz,AMD Zen-3 (Milan),2000.0,HPE Cray OS,Linux,AMD Instinct MI250X,64,AMD Zen-3 (Milan),HPE Cray EX235a,HPE Cray EX,Gigabit Ethernet,Slingshot-11,North America,"48,553",180047
6,7,3,LUMI,"HPE Cray EX235a, AMD Optimized 3rd Generation EPYC 64C 2GHz, AMD Instinct MI250X, Slingshot-11",EuroHPC/CSC,HPE,Finland,2023,Research,2220288,"2,069,760",309100.0,428703.74,6015.77,Submitted,51.38,,,,,,MPP,AMD Optimized 3rd Generation EPYC 64C 2GHz,AMD Zen-3 (Milan),2000.0,HPE Cray OS,Linux,AMD Instinct MI250X,64,AMD Zen-3 (Milan),HPE Cray EX235a,HPE Cray EX,Gigabit Ethernet,Slingshot-11,Europe,"50,908",180048
7,8,483,amplitUDE (GPU Partition),"MEGWARE D50DNP, Xeon Platinum 8480+ 56C 2GHz, NVIDIA H100 80GB PCIe, Infiniband NDR",University of Duisburg-Essen,MEGWARE,Germany,2023,Academic,6768,"4,752",1950.0,3801.0,37.98,Submitted,51.34,,1.0,,,,Cluster,Xeon Platinum 8480+ 56C 2GHz,Intel Sapphire Rapids,2000.0,AlmaLinux 9.1,Linux,NVIDIA H100,56,Xeon Platinum (Sapphire Rapids),MEGWARE D50DNP,MEGWARE Cluster,Infiniband,Infiniband NDR,Europe,"50,303",180159
8,9,70,Goethe-NHR,"Supermicro AS-4124GS-TNR, AMD EPYC 7452 32C 2.35GHz, AMD Instinct MI210 64 GB, Mellanox InfiniBand EDR",Universitaet Frankfurt,MEGWARE / Supermicro,Germany,2023,Academic,96768,"89,856",9087.0,19344.19,195.24,Optimized,46.54,Optimized,2.0,"9,087.00",195.24,,Cluster,AMD EPYC 7452 32C 2.35GHz,AMD Zen-2 (Rome),2350.0,Linux,Linux,AMD Instinct MI210 64 GB,32,AMD Zen-2 (Rome),Supermicro AS-4124GS-TNR,Supermicro SuperServer,Infiniband,Mellanox InfiniBand EDR,Europe,"49,083",180175
9,10,187,ATOS THX.A.B,"BullSequana XH2000, Xeon Platinum 8358 32C 2.6GHz, NVIDIA A100 SXM4 64 GB, Quad-rail NVIDIA HDR100 Infiniband",Atos,Atos,France,2022,Vendor,25056,"23,328",3505.0,4982.17,86.06,Optimized,41.41,Optimized,1.0,"3,505.00",84.64,,Cluster,Xeon Platinum 8358 32C 2.6GHz,Intel Ice Lake,2600.0,Linux,Linux,NVIDIA A100 SXM4 64 GB,32,Xeon Platinum 83xx (Ice Lake),BullSequana XH2000,BullSequana,Infiniband,Quad-rail NVIDIA HDR100 Infiniband,Europe,"50,630",180070
10,11,400,MN-3,"MN-Core Server, Xeon Platinum 8260M 24C 2.4GHz, Preferred Networks MN-Core, MN-Core DirectConnect",Preferred Networks,Preferred Networks,Japan,2020,Industry,1664,128,2179.6,3347.58,53.29,Submitted,40.9,,3.0,,,,Cluster,Xeon Platinum 8260M 24C 2.4GHz,Intel Cascade lake,2400.0,Ubuntu,Linux,Preferred Networks MN-Core,24,Xeon Platinum 82xx (Cascade Lake),MN-Core Server,Preferred Networks Cluster,Custom Interconnect,MN-Core DirectConnect,Asia,"50,832",179806
11,12,190,Pegasus,"NEC LX 102Bk-6, Xeon Platinum 8468 48C 2.1GHz, NVIDIA H100 80GB PCIe, Infiniband NDR","Center for Computational Sciences, University of Tsukuba",NEC,Japan,2023,Academic,13680,"7,920",3478.0,6507.07,78.94,Optimized,40.45,Optimized,2.0,"3,193.00",78.94,,Cluster,Xeon Platinum 8468 48C 2.1GHz,Intel Sapphire Rapids,2100.0,Ubuntu 20.04,Linux,NVIDIA H100,48,Xeon Platinum (Sapphire Rapids),NEC LX 102Bk-6,NEC Cluster,Infiniband,Infiniband NDR,Asia,"47,529",180170
12,13,370,Champollion,"Apollo 6500, AMD EPYC 7763 64C 2.45GHz, NVIDIA A100 SXM4 80 GB, Mellanox HDR Infiniband",Hewlett Packard Enterprise,HPE,France,2022,Vendor,19840,"17,280",2321.0,2522.27,60.2,Submitted,38.55,,,,,,Cluster,AMD EPYC 7763 64C 2.45GHz,AMD Zen-3 (Milan),2450.0,RHEL 8.4,Linux,NVIDIA A100 SXM4 80 GB,64,AMD Zen-3 (Milan),Apollo 6500,HPE Apollo,Infiniband,Mellanox HDR Infiniband,Europe,"50,928",180073
13,14,387,SSC-21 Scalable Module,"Apollo 6500 Gen10 plus, AMD  EPYC 7543 32C 2.8GHz, NVIDIA A100 80GB​, Infiniband HDR200",Samsung Electronics,HPE,South Korea,2021,Industry,16704,"15,552",2274.1,2597.82,103.01,Optimized,33.98,Optimized,2.0,"1,849.00",54.41,,Cluster,AMD  EPYC 7543 32C 2.8GHz,AMD Zen-3 (Milan),2800.0,RHEL 8.3,Linux,NVIDIA Tesla A100 80G,32,AMD Zen-3 (Milan),Apollo 6500 Gen10 plus,HPE Apollo,Infiniband,Infiniband HDR200,Asia,"50,903",180042
14,15,4,Leonardo,"BullSequana XH2000, Xeon Platinum 8358 32C 2.6GHz, NVIDIA A100 SXM4 64 GB, Quad-rail NVIDIA HDR100 Infiniband",EuroHPC/CINECA,Atos,Italy,2023,Academic,1824768,"1,714,176",238700.0,304465.92,7404.4,Submitted,32.24,,1.0,,,,Cluster,Xeon Platinum 8358 32C 2.6GHz,Intel Ice Lake,2600.0,Linux,Linux,NVIDIA A100 SXM4 64 GB,32,Xeon Platinum 83xx (Ice Lake),BullSequana XH2000,BullSequana,Infiniband,Quad-rail NVIDIA HDR100 Infiniband,Europe,"50,944",180128
15,16,392,Tethys,"NVIDIA DGX A100 Liquid Cooled Prototype, AMD EPYC 7742 64C 2.25GHz, NVIDIA A100 80GB​, Infiniband HDR",NVIDIA Corporation,Nvidia,United States,2021,Vendor,19840,"17,280",2255.0,2680.0,71.5,Optimized,31.54,Optimized,2.0,"2,255.00",71.50,,Cluster,AMD EPYC 7742 64C 2.25GHz,AMD Zen-2 (Rome),2250.0,Ubuntu 20.04.1 LTS,Linux,NVIDIA Tesla A100 80G,64,AMD Zen-2 (Rome),NVIDIA DGX A100 Liquid Cooled Prototype,NVIDIA DGX,Infiniband,Infiniband HDR,North America,"48,448",180034
16,17,412,Phoenix - 2022,"ThinkSystem SR670 V2, Xeon Platinum 8360Y 36C 2.4GHz, NVIDIA A100, Infiniband HDR",University of Adelaide,Lenovo,Australia,2022,Academic,20160,"17,280",2134.0,3341.18,68.71,Optimized,31.06,Optimized,1.0,"2,134.00",68.71,,Cluster,Xeon Platinum 8360Y 36C 2.4GHz,Intel Ice Lake,2400.0,Linux,Linux,NVIDIA A100,36,Xeon Platinum 83xx (Ice Lake),ThinkSystem SR670 V2,Lenovo ThinkSystem,Infiniband,Infiniband HDR,Oceania,"50,921",180054
17,18,377,Wilkes-3,"PowerEdge XE8545, AMD EPYC 7763 64C 2.45GHz, NVIDIA A100 80GB​, Infiniband HDR200 dual rail",University of Cambridge,DELL EMC,United Kingdom,2021,Academic,26880,"20,736",2287.0,6641.41,74.26,Submitted,30.8,,1.0,,,,Cluster,AMD EPYC 7763 64C 2.45GHz,AMD Zen-3 (Milan),2450.0,CentOS,Linux,NVIDIA Tesla A100 80G,64,AMD Zen-3 (Milan),PowerEdge XE8545,Dell PowerEdge Cluster,Infiniband,Infiniband HDR200 dual rail,Europe,"49,143",180046
18,19,123,Athena,"FormatServer THOR ERG21, AMD EPYC 7742 64C 2.25GHz, NVIDIA A100 SXM4 40 GB, Infiniband HDR",Cyfronet,Format,Poland,2021,Academic,47616,"41,472",5051.0,7709.18,146.56,Optimized,29.93,Optimized,2.0,"4,386.00",146.56,,Cluster,AMD EPYC 7742 64C 2.25GHz,AMD Zen-2 (Rome),2250.0,CentOS,Linux,NVIDIA A100 SXM4 40 GB,64,AMD Zen-2 (Rome),FormatServer THOR ERG21,FormatServer,Infiniband,Infiniband HDR,Europe,"47,634",180055
19,20,40,HiPerGator AI,"NVIDIA DGX A100, AMD EPYC 7742 64C 2.25GHz, NVIDIA A100, Infiniband HDR",University of Florida,Nvidia,United States,2021,Academic,138880,"120,960",17200.0,21314.72,582.63,Optimized,29.52,Optimized,2.0,"15,370.00",,,Cluster,AMD EPYC 7742 64C 2.25GHz,AMD Zen-2 (Rome),2250.0,Ubuntu 20.04.2 LTS,Linux,NVIDIA A100,64,AMD Zen-2 (Rome),NVIDIA DGX A100,NVIDIA DGX,Infiniband,Infiniband HDR,North America,"49,751",179940
20,21,229,Komondor,"HPE Cray EX, AMD EPYC 7763 64C 2.45GHz, NVIDIA A100 SXM4 40 GB, Slingshot-11",Governmental Information-Technology Development Agency (KIFÜ),HPE,Hungary,2022,Academic,27776,"24,192",3105.0,4508.49,110.24,Submitted,28.17,,,,,,MPP,AMD EPYC 7763 64C 2.45GHz,AMD Zen-3 (Milan),2450.0,RHEL,Linux,NVIDIA A100 SXM4 40 GB,64,AMD Zen-3 (Milan),HPE Cray EX,HPE Cray EX,Gigabit Ethernet,Slingshot-11,Europe,"50,927",180079
21,22,273,Grete,"MEGWARE GPU Server System, AMD EPYC 7513 32C 2.6GHz, NVIDIA A100 SXM4 80 GB, Infiniband HDR",NHR@Göttingen,MEGWARE,Germany,2022,Academic,23312,"20,304",2779.0,3710.47,99.81,Submitted,27.84,,2.0,,,,Cluster,AMD EPYC 7513 32C 2.6GHz,AMD Zen-3 (Milan),2600.0,Rocky Linux 8.4,Linux,NVIDIA A100 SXM4 40 GB,32,AMD Zen-3 (Milan),MEGWARE GPU Server System,MEGWARE Cluster,Infiniband,Infiniband HDR,Europe,"50,947",180092
22,23,8,Perlmutter,"HPE Cray EX235n, AMD EPYC 7763 64C 2.45GHz, NVIDIA A100 SXM4 40 GB, Slingshot-10",DOE/SC/LBNL/NERSC,HPE,United States,2021,Research,761856,"663,552",70870.0,93750.0,2589.0,Submitted,27.37,,3.0,,,,MPP,AMD EPYC 7763 64C 2.45GHz,AMD Zen-3 (Milan),2450.0,HPE Cray OS,Linux,NVIDIA A100 SXM4 40 GB,64,AMD Zen-3 (Milan),HPE Cray EX 235n,HPE Cray EX,Gigabit Ethernet,Slingshot-10,North America,"48,429",179972
23,24,95,"Karolina, GPU partition","Apollo 6500, AMD EPYC 7763 64C 2.45GHz, NVIDIA A100 SXM4 40 GB, Infiniband HDR200","IT4Innovations National Supercomputing Center, VSB-Technical University of Ostrava",HPE,Czechia,2021,Academic,71424,"62,208",6752.0,9080.18,310.99,Optimized,27.21,Optimized,,"6,138.00",225.55,,Cluster,AMD EPYC 7763 64C 2.45GHz,AMD Zen-3 (Milan),2450.0,CentOS,Linux,NVIDIA A100 SXM4 40 GB,64,AMD Zen-3 (Milan),Apollo 6500,HPE Apollo,Infiniband,Infiniband HDR200,Europe,"50,561",180026
24,25,18,Discovery 5,"HPE Cray EX235n, AMD  EPYC 7543 32C 2.8GHz, NVIDIA A100 SXM4 40 GB, Slingshot-11",ExxonMobil,HPE,United States,2022,Industry,232000,"216,000",26130.0,30990.8,964.0,Submitted,27.11,,,,,,MPP,AMD  EPYC 7543 32C 2.8GHz,AMD Zen-3 (Milan),2800.0,HPE Cray OS,Linux,NVIDIA A100 SXM4 40 GB,32,AMD Zen-3 (Milan),HPE Cray EX 235n,HPE Cray EX,Gigabit Ethernet,Slingshot-11,North America,"50,949",180131
25,26,57,MeluXina - Accelerator Module,"BullSequana XH2000, AMD EPYC 7452 32C 2.35GHz, NVIDIA A100 40GB, Mellanox HDR InfiniBand/ParTec ParaStation ClusterSuite",LuxProvide,Atos,Luxembourg,2021,Research,99200,"86,400",10520.0,15288.0,390.25,Optimized,26.96,Optimized,1.0,"10,520.00",,,Cluster,AMD EPYC 7452 32C 2.35GHz,AMD Zen-2 (Rome),2350.0,RHEL compatible,Linux,NVIDIA Tesla A100 40G,32,AMD Zen-2 (Rome),BullSequana XH2000,BullSequana,Infiniband,Mellanox HDR InfiniBand/ParTec ParaStation ClusterSuite,Europe,"50,882",179932
26,27,351,NVIDIA DGX SuperPOD,"NVIDIA DGX A100, AMD EPYC 7742 64C 2.25GHz, NVIDIA A100, Mellanox HDR Infiniband",NVIDIA Corporation,Nvidia,United States,2020,Vendor,19840,"17,280",2356.0,2812.8,89.94,Submitted,26.2,,2.0,,,,Cluster,AMD EPYC 7742 64C 2.25GHz,AMD Zen-2 (Rome),2250.0,Ubuntu 20.04.1 LTS,Linux,NVIDIA A100,64,AMD Zen-2 (Rome),NVIDIA DGX A100,NVIDIA DGX,Infiniband,Mellanox HDR Infiniband,North America,"48,448",179910
27,28,79,LANTA,"HPE Cray EX235n, AMD EPYC 7713 64C 2GHz, NVIDIA A100 40GB, Slingshot-11",NSTDA Supercomputer Center (ThaiSC),HPE,Thailand,2022,Research,87296,"76,032",8146.0,13773.06,310.46,Optimized,25.91,Optimized,1.0,"8,043.00",310.46,,MPP,AMD EPYC 7713 64C 2GHz,AMD Zen-3 (Milan),2000.0,HPE Cray OS,Linux,NVIDIA Tesla A100 40G,64,AMD Zen-3 (Milan),HPE Cray EX 235n,HPE Cray EX,Gigabit Ethernet,Slingshot-11,Asia,"50,937",180125
28,29,13,JUWELS Booster Module,"Bull Sequana XH2000 , AMD EPYC 7402 24C 2.8GHz, NVIDIA A100, Mellanox HDR InfiniBand/ParTec ParaStation ClusterSuite",Forschungszentrum Juelich (FZJ),Atos,Germany,2020,Research,449280,"404,352",44120.0,70980.0,1764.22,Submitted,25.01,,1.0,,,,Cluster,AMD EPYC 7402 24C 2.8GHz,AMD Zen-2 (Rome),2800.0,CentOS,Linux,NVIDIA A100,24,AMD Zen-2 (Rome),BullSequana XH2000,BullSequana,Infiniband,Mellanox HDR InfiniBand/ParTec ParaStation ClusterSuite,Europe,"47,871",179894
29,30,68,JURECA Data Centric Module,"BullSequana XH2000, AMD EPYC 7742 64C 2.25GHz, NVIDIA A100 40GB, Mellanox HDR InfiniBand/ParTec ParaStation ClusterSuite",Forschungszentrum Juelich (FZJ),Atos,Germany,2021,Research,105840,"81,648",9330.0,14508.0,384.1,Optimized,24.29,Optimized,1.0,"9,330.00",,,Cluster,AMD EPYC 7742 64C 2.25GHz,AMD Zen-2 (Rome),2250.0,CentOS,Linux,NVIDIA Tesla A100 40G,64,AMD Zen-2 (Rome),BullSequana XH2000,BullSequana,Infiniband,Mellanox HDR InfiniBand/ParTec ParaStation ClusterSuite,Europe,"47,871",179947
30,31,318,Spartan2,"Bull Sequana XH2000 , AMD EPYC 7402 24C 2.8GHz, NVIDIA A100, Mellanox HDR Infiniband",Atos,Atos,France,2020,Vendor,23040,"20,736",2566.0,3847.22,105.76,Submitted,24.26,,1.0,,,,Cluster,AMD EPYC 7402 24C 2.8GHz,AMD Zen-2 (Rome),2800.0,Linux,Linux,NVIDIA A100,24,AMD Zen-2 (Rome),BullSequana XH2000,BullSequana,Infiniband,Mellanox HDR Infiniband,Europe,"50,630",179893
31,32,136,Wisteria/BDEC-01 (Aquarius),"PRIMERGY GX2570 M6, Xeon Platinum 8360Y 36C 2.4GHz, NVIDIA A100 SXM4 40 GB, Infiniband HDR","Information Technology Center, The University of Tokyo",Fujitsu,Japan,2021,Academic,42120,"38,880",4425.0,7268.83,183.93,Submitted,24.06,,2.0,,,,Cluster,Xeon Platinum 8360Y 36C 2.4GHz,Intel Ice Lake,2400.0,Linux,Linux,NVIDIA A100 SXM4 40 GB,36,Xeon Platinum 83xx (Ice Lake),PRIMERGY GX2570 M6,Fujitsu PRIMERGY,Infiniband,Infiniband HDR,Asia,"50,096",179963
32,33,9,Selene,"NVIDIA DGX A100, AMD EPYC 7742 64C 2.25GHz, NVIDIA A100, Mellanox HDR Infiniband",NVIDIA Corporation,Nvidia,United States,2020,Vendor,555520,"483,840",63460.0,79215.0,2646.0,Submitted,23.98,,2.0,,,,Cluster,AMD EPYC 7742 64C 2.25GHz,AMD Zen-2 (Rome),2250.0,Ubuntu 20.04.1 LTS,Linux,NVIDIA A100,64,AMD Zen-2 (Rome),NVIDIA DGX A100,NVIDIA DGX,Infiniband,Mellanox HDR Infiniband,North America,"48,448",179842
33,34,423,Marvin (Scalable GPU Partition),"MEGWARE GPU Server System, AMD EPYC 7713 64C 2GHz, NVIDIA A100 SXM4 80 GB, Infiniband NDR",University of Bonn,MEGWARE,Germany,2023,Academic,17920,"13,824",2117.0,2627.07,90.74,Submitted,23.33,,1.0,,,,Cluster,AMD EPYC 7713 64C 2GHz,AMD Zen-3 (Milan),2000.0,AlmaLinux 9.1,Linux,NVIDIA A100 SXM4 80 GB,64,AMD Zen-3 (Milan),MEGWARE GPU Server System,MEGWARE Cluster,Infiniband,Infiniband NDR,Europe,"50,965",180161
34,35,74,Raven-GPU,"ThinkSystem SD650-N V2, Xeon Platinum 8360Y 36C 2.4GHz, NVIDIA A100, Mellanox HDR Infiniband",Max-Planck-Gesellschaft MPI/IPP,Lenovo,Germany,2021,Research,96768,"82,944",8620.0,16031.54,377.0,Optimized,22.86,Optimized,1.0,"8,620.00",377.00,,Cluster,Xeon Platinum 8360Y 36C 2.4GHz,Intel Ice Lake,2400.0,SUSE Linux Enterprise Server 15 SP2,Linux,NVIDIA A100,36,Xeon Platinum 83xx (Ice Lake),ThinkSystem SD650-N V2,Lenovo ThinkSystem,Infiniband,Mellanox HDR Infiniband,Europe,"48,331",179933
35,36,157,Alex,"MEGWARE NF5488A5, AMD EPYC 7713 64C 2GHz, NVIDIA A100 SXM4 80 GB, Infiniband HDR",Universitaet Erlangen - Regionales Rechenzentrum Erlangen,MEGWARE,Germany,2021,Academic,37696,"32,832",4030.0,6083.65,178.97,Submitted,22.52,,1.0,,,,Cluster,AMD EPYC 7713 64C 2GHz,AMD Zen-3 (Milan),2000.0,AlmaLinux 8.5,Linux,NVIDIA A100 SXM4 40 GB,64,AMD Zen-3 (Milan),MEGWARE NF5488A5,MEGWARE Cluster,Infiniband,Infiniband HDR,Europe,"49,515",180075
36,37,82,HoreKa-Green,"ThinkSystem SD650 V2, Xeon Platinum 8368 38C 2.4GHz, NVIDIA A100 40GB, Mellanox HDR Infiniband",Karlsruher Institut für Technologie (KIT) ,Lenovo,Germany,2021,Academic,90932,"77,328",8025.6,15006.79,358.79,Optimized,22.37,Optimized,1.0,"8,025.60",358.79,,Cluster,Xeon Platinum 8368 38C 2.4GHz,Intel Ice Lake,2400.0,Linux,Linux,NVIDIA Tesla A100 40G,38,Xeon Platinum 83xx (Ice Lake),ThinkSystem SD650 V2,Lenovo ThinkSystem,Infiniband,Mellanox HDR Infiniband,Europe,"50,444",179965
37,38,24,ABCI 2.0,"PRIMERGY GX2570 M6, Xeon Platinum 8360Y 36C 2.4GHz, NVIDIA A100 SXM4 40 GB, Infiniband HDR",National Institute of Advanced Industrial Science and Technology (AIST),Fujitsu,Japan,2021,Research,504000,"451,840",22208.72,54340.99,1600.32,Optimized,21.89,Optimized,2.0,"11,480.00",524.40,,Cluster,Xeon Gold 6148 20C 2.4GHz,Intel Skylake,2400.0,Linux,Linux,NVIDIA Tesla V100 SXM2,20,Xeon Gold (Skylake),PRIMERGY GX2570 M6,Fujitsu PRIMERGY,Infiniband,Infiniband EDR,Asia,"50,762",179954
38,39,481,NA-J2,"ZettaScaler3.0, AMD  EPYC 7702P 64C 1.5GHz, PEZY-SC3, Infiniband EDR",NA Simulation,PEZY Computing / Exascaler Inc.,Japan,2022,Research,1151360,"1,146,880",1952.46,2931.81,88.94,Optimized,21.65,Optimized,1.0,"1,925.23",88.94,,Cluster,AMD  EPYC 7702P 64C 1.5GHz,AMD Zen-2 (Rome),1500.0,CentOS,Linux,PEZY-SC3,64,AMD Zen-2 (Rome),ZettaScaler3.0,Pezy/Exascaler Cluster,Infiniband,Infiniband EDR,Asia,"50,880",180049
39,40,121,"DiRAC, Tursa","BullSequana XH2000, AMD EPYC 7302 32C 3GHz, NVIDIA A100 40GB, Mellanox HDR Infiniband",University of Edinburgh,Atos,United Kingdom,2021,Academic,55552,"48,384",5228.0,8580.0,243.95,Optimized,21.43,Optimized,1.0,"5,228.00",,,Cluster,AMD EPYC 7302 32C 3GHz,AMD Zen-2 (Rome),3000.0,Linux,Linux,NVIDIA Tesla A100 40G,32,AMD Zen-2 (Rome),BullSequana XH2000,BullSequana,Infiniband,Mellanox HDR Infiniband,Europe,"49,151",180018
40,41,486,RE1,"ThinkSystem SD650-N V2, Xeon Platinum 8358 32C 2.6GHz, NVIDIA A100 80GB​, Infiniband HDR",Flatiron Institute,Lenovo,United States,2022,Research,17856,"15,552",1931.0,2999.69,99.11,Submitted,19.48,,1.0,,,,Cluster,Xeon Platinum 8358 32C 2.6GHz,Intel Ice Lake,2600.0,Linux,Linux,NVIDIA Tesla A100 80G,32,Xeon Platinum 83xx (Ice Lake),ThinkSystem SD650-N V2,Lenovo ThinkSystem,Infiniband,Infiniband HDR,North America,"50,943",180086
41,42,108,Narval (GPU),"PowerEdge XE8545, AMD EPYC 7413 24C 2.65GHz, NVIDIA A100, InfiniBand HDR100",Calcul Québec/Compute Canada,DELL EMC,Canada,2021,Academic,76320,"68,688",5886.0,12165.35,311.14,Optimized,18.92,Optimized,2.0,"5,886.00",311.14,,Cluster,AMD EPYC 7413 24C 2.65GHz,AMD Zen-3 (Milan),2650.0,Rocky Linux 8.4,Linux,NVIDIA A100,24,AMD Zen-3 (Milan),PowerEdge XE8545,Dell PowerEdge Cluster,Infiniband,InfiniBand HDR100,North America,"50,800",180032
42,43,35,Pégaso,"Supermicro A+ Server 4124GO-NART+, AMD EPYC 7513 32C 2.6GHz, NVIDIA A100, Infiniband HDR",Petróleo Brasileiro S.A,Atos,Brazil,2022,Industry,233856,"217,728",19070.0,41995.7,1033.0,Optimized,18.46,Optimized,1.0,"19,070.00","1,033.00",,Cluster,AMD EPYC 7513 32C 2.6GHz,AMD Zen-3 (Milan),2600.0,CentOS,Linux,NVIDIA A100,32,AMD Zen-3 (Milan),Supermicro A+ Server 4124GO-NART+,Supermicro Cluster,Infiniband,Infiniband HDR,South America,"49,587",180127
43,44,176,Snellius Phase 1 GPU,"ThinkSystem SD650-N V2, Xeon Platinum 8360Y 36C 2.4GHz, NVIDIA A100 SXM4 40 GB, Infiniband HDR",SURF,Lenovo,Netherlands,2022,Research,12960,"7,776",3603.0,6014.13,205.35,Submitted,17.55,,1.0,,,,Cluster,Xeon Platinum 8360Y 36C 2.4GHz,Intel Ice Lake,2400.0,CentOS Linux 8.4,Linux,NVIDIA A100 SXM4 40 GB,36,Xeon Platinum 83xx (Ice Lake),ThinkSystem SD650-N V2,Lenovo ThinkSystem,Infiniband,Infiniband HDR,Europe,"50,900",180033
44,45,76,AiMOS,"IBM Power System AC922, IBM POWER9 20C 3.45GHz, NVIDIA Volta GV100, Dual-rail Mellanox EDR Infiniband",Rensselaer Polytechnic Institute Center for Computational Innovations (CCI),IBM,United States,2019,Academic,130000,"120,000",8339.0,11032.03,512.08,Submitted,16.28,,3.0,,,,Cluster,IBM POWER9 20C 3.45GHz,Power,3450.0,RHEL 7.6,Linux,NVIDIA Volta GV100,20,IBM POWER9,IBM Power System AC922, IBM Power Systems,Infiniband,Dual-rail Mellanox EDR Infiniband,North America,"50,823",179781
45,46,410,Lise GPU-X,"ThinkSystem SD650-N V2, Xeon Platinum 8360Y 36C 2.4GHz, NVIDIA HGX A100 80GB 500W, Infiniband HDR200",Zuse Institute Berlin,Lenovo,Germany,2023,Research,21168,"18,144",2146.0,3508.24,133.23,Submitted,16.11,,1.0,,,,Cluster,Xeon Platinum 8360Y 36C 2.4GHz,Intel Ice Lake,2400.0,Rocky Linux 8.6,Linux,NVIDIA HGX A100 80GB 500W,36,Xeon Platinum 83xx (Ice Lake),ThinkSystem SD650-N V2,Lenovo ThinkSystem,Infiniband,Infiniband HDR200,Europe,"50,962",180138
46,47,308,AlphaCentauri,"NEC HPC 22S8Ri-4, EPYC 7352 24C 2.3GHz, NVIDIA A100 SXM4 40 GB, Infiniband HDR200","TU Dresden, ZIH",NEC,Germany,2021,Academic,31008,"29,376",2592.0,5364.06,163.65,Submitted,15.84,,3.0,,,,Cluster,EPYC 7352 24C 2.3GHz,AMD Zen-2 (Rome),2300.0,CentOS,Linux,NVIDIA A100 SXM4 40 GB,24,AMD Zen-2 (Rome),NEC HPC 22S8Ri-4,NEC Cluster,Infiniband,Infiniband HDR200,Europe,"50,565",179942
47,48,15,HPC5,"PowerEdge C4140, Xeon Gold 6252 24C 2.1GHz, NVIDIA Tesla V100, Mellanox HDR Infiniband",Eni S.p.A.,DELL EMC,Italy,2020,Industry,669760,"582,400",35450.0,51720.76,2252.17,Submitted,15.74,,1.0,,,,Cluster,Xeon Gold 6252 24C 2.1GHz,Intel Cascade lake,2100.0,CentOS Linux 7,Linux,NVIDIA Tesla V100,24,Xeon Gold 62xx (Cascade Lake),PowerEdge C4140,Dell PowerEdge Cluster,Infiniband,Mellanox HDR Infiniband,Europe,"50,489",179856
48,49,2,Supercomputer Fugaku,"Supercomputer Fugaku, A64FX 48C 2.2GHz, Tofu interconnect D",RIKEN Center for Computational Science,Fujitsu,Japan,2020,Research,7630848,,442010.0,537212.0,29899.23,Optimized,15.42,Optimized,2.0,"404,690.00","26,248.36",,MPP,A64FX 48C 2.2GHz,Fujitsu ARM,2200.0,Red Hat Enterprise Linux,Linux,None,48,Fujitsu A64FX,Supercomputer Fugaku,Fujitsu Cluster,Proprietary Network,Tofu interconnect D,Asia,"50,831",179807
49,50,25,Wisteria/BDEC-01 (Odyssey),"PRIMEHPC FX1000, A64FX 48C 2.2GHz, Tofu interconnect D","Information Technology Center, The University of Tokyo",Fujitsu,Japan,2021,Academic,368640,,22121.0,25952.26,1468.0,Submitted,15.07,,2.0,,,,Cluster,A64FX 48C 2.2GHz,Fujitsu ARM,2200.0,Red Hat Enterprise Linux,Linux,None,48,Fujitsu A64FX,PRIMEHPC FX1000,Fujitsu PRIMEHPC,Proprietary Network,Tofu interconnect D,Asia,"50,096",179962
50,51,51,,"PRIMEHPC FX1000, A64FX 48C 2.2GHz, Tofu interconnect D",Japan Meteorological Agency,Fujitsu,Japan,2022,Research,221184,,13367.0,15571.35,904.72,Submitted,14.77,,2.0,,,,Cluster,A64FX 48C 2.2GHz,Fujitsu ARM,2200.0,Red Hat Enterprise Linux,Linux,None,48,Fujitsu A64FX,PRIMEHPC FX1000,Fujitsu PRIMEHPC,Proprietary Network,Tofu interconnect D,Asia,"48,169",180169
51,52,50,,"PRIMEHPC FX1000, A64FX 48C 2.2GHz, Tofu interconnect D",Japan Meteorological Agency,Fujitsu,Japan,2022,Research,221184,,13367.0,15571.35,904.72,Submitted,14.77,,2.0,,,,Cluster,A64FX 48C 2.2GHz,Fujitsu ARM,2200.0,Red Hat Enterprise Linux,Linux,None,48,Fujitsu A64FX,PRIMEHPC FX1000,Fujitsu PRIMEHPC,Proprietary Network,Tofu interconnect D,Asia,"48,169",180168
52,53,5,Summit,"IBM Power System AC922, IBM POWER9 22C 3.07GHz, NVIDIA Volta GV100, Dual-rail Mellanox EDR Infiniband",DOE/SC/Oak Ridge National Laboratory,IBM,United States,2018,Research,2414592,"2,211,840",148600.0,200794.88,10096.0,Submitted,14.72,,3.0,,,,Cluster,IBM POWER9 22C 3.07GHz,Power,3070.0,RHEL 7.4,Linux,NVIDIA Volta GV100,22,IBM POWER9,IBM Power System AC922, IBM Power Systems,Infiniband,Dual-rail Mellanox EDR Infiniband,North America,"48,553",179397
53,54,26,Marconi-100,"IBM Power System AC922, IBM POWER9 16C 3GHz, Nvidia Volta V100, Dual-rail Mellanox EDR Infiniband",CINECA,IBM,Italy,2019,Academic,347776,"316,160",21640.0,29354.0,1476.0,Submitted,14.66,,,,,,Cluster,IBM POWER9 16C 3GHz,Power,3000.0,RHEL 7.6,Linux,Nvidia Volta V100,16,IBM POWER9,IBM Power System AC922, IBM Power Systems,Infiniband,Dual-rail Mellanox EDR Infiniband,Europe,"47,495",179845
54,55,80,TSUBAME3.0,"SGI ICE XA, IP139-SXM2, Xeon E5-2680v4 14C 2.4GHz, Intel Omni-Path, NVIDIA Tesla P100 SXM2","GSIC Center, Tokyo Institute of Technology",HPE,Japan,2017,Academic,135828,"120,736",8125.0,12127.07,792.08,Optimized,13.7,Optimized,1.0,"7,027.00",512.77,,Cluster,Xeon E5-2680v4 14C 2.4GHz,Intel Broadwell,2400.0,SUSE Linux Enterprise Server 12 SP1,Linux,NVIDIA Tesla P100 NVLink,14,Intel Xeon E5 (Broadwell),"SGI ICE XA (HPE SGI 8600), IP139-SXM2",HPE SGI 8600,Omnipath,Intel Omni-Path,Asia,"47,912",179093
55,56,165,Gemini,"PowerEdge XE8545, AMD EPYC 74F3 24C 3.2GHz, NVIDIA A100, Infiniband",Petróleo Brasileiro S.A,DELL EMC,Brazil,2023,Industry,38016,"38,016",3861.0,6864.0,287.0,Optimized,13.45,Optimized,1.0,"3,861.00",287.00,,Cluster,AMD EPYC 74F3 24C 3.2GHz,AMD Zen-3 (Milan),3200.0,RHEL 7.8,Linux,NVIDIA A100,24,AMD Zen-3 (Milan),PowerEdge XE8545,Dell PowerEdge Cluster,Infiniband,Infiniband,South America,"50,967",180174
56,57,39,PANGEA III,"IBM Power System AC922, IBM POWER9 18C 3.45GHz, Dual-rail Mellanox EDR Infiniband, NVIDIA Volta GV100",Total Exploration Production,IBM,France,2019,Industry,291024,"270,720",17860.0,25025.81,1367.0,Submitted,13.07,,1.0,,,,Cluster,IBM POWER9 18C 3.45GHz,Power,3450.0,RHEL 7.6,Linux,NVIDIA Volta GV100,18,IBM POWER9,IBM Power System AC922, IBM Power Systems,Infiniband,Dual-rail Mellanox EDR Infiniband,Europe,"49,546",179689
57,58,6,Sierra,"IBM Power System AC922, IBM POWER9 22C 3.1GHz, NVIDIA Volta GV100, Dual-rail Mellanox EDR Infiniband",DOE/NNSA/LLNL,IBM / NVIDIA / Mellanox,United States,2018,Research,1572480,"1,382,400",94640.0,125712.0,7438.28,Submitted,12.72,,2.0,,,,Cluster,IBM POWER9 22C 3.1GHz,Power,3100.0,Red Hat Enterprise Linux,Linux,NVIDIA Volta GV100,22,IBM POWER9,IBM Power System AC922, IBM Power Systems,Infiniband,Dual-rail Mellanox EDR Infiniband,North America,"49,763",179398
58,59,93,Gaia,"PowerEdge XE8545, AMD EPYC 74F3 24C 3.2GHz, NVIDIA A100, Infiniband",Petróleo Brasileiro S.A,DELL EMC,Brazil,2023,Industry,76032,"76,032",6968.0,13728.0,574.0,Optimized,12.14,Optimized,1.0,"6,968.00",574.00,,Cluster,AMD EPYC 74F3 24C 3.2GHz,AMD Zen-3 (Milan),3200.0,RHEL 7.8,Linux,NVIDIA A100,24,AMD Zen-3 (Milan),PowerEdge XE8545,Dell PowerEdge Cluster,Infiniband,Infiniband,South America,"50,967",180173
59,60,138,Advanced Computing System(PreE),"Sugon TC8600, Hygon Dhyana  32C 2GHz, Deep Computing Processor, 200Gb 6D-Torus",Sugon,Sugon,China,2018,Vendor,163840,"131,072",4325.0,6134.17,380.0,Submitted,11.38,,,,,,Cluster,Hygon Dhyana 32C 2GHz,X86_64,2000.0,CentOS,Linux,Deep Computing Processor,32,Hygon Dhyana,Sugon TC8600,Sugon Cluster,Gigabit Ethernet,200Gb 6D-Torus,Asia,"50,797",179593
60,61,72,Taiwania 2,"QCT QuantaGrid D52G-4U/LC, Xeon Gold 6154 18C 3GHz, Mellanox InfiniBand EDR, NVIDIA Tesla V100 SXM2",National Center for High Performance Computing,Quanta Computer / Taiwan Fixed Network / ASUS Cloud,Taiwan,2018,Research,170352,"161,280",9000.0,15208.23,797.54,Submitted,11.28,,,,,,Cluster,Xeon Gold 6154 18C 3GHz,Intel Skylake,3000.0,CentOS,Linux,NVIDIA Tesla V100 SXM2,18,Xeon Gold (Skylake),QCT QuantaGrid D52G-4U/LC,QCT QuantaGrid,Infiniband,Mellanox InfiniBand EDR,Asia,"48,468",179590
61,62,195,Cedar (GPU),"PowerEdge C6420, Xeon Silver 4216 16C 2.1GHz, NVIDIA Tesla V100, Intel Omni-Path",Simon Fraser University/Compute Canada,ACTION,Canada,2020,Academic,67584,"61,440",3371.0,5834.4,310.0,Submitted,10.87,,1.0,,,,Cluster,Xeon Silver 4216 16C 2.1GHz,Intel Skylake,2100.0,CentOS,Linux,NVIDIA Tesla V100,16,Xeon Silver (Skylake),PowerEdge C6420,Dell PowerEdge Cluster,Omnipath,Intel Omni-Path,North America,"50,722",179859
62,63,90,Artemis,"NVIDIA DGX-2, Xeon Platinum 8168 24C 2.7GHz, Infiniband EDR, NVIDIA Tesla V100",Group 42,Nvidia,United Arab Emirates,2019,Industry,107568,"103,680",7257.0,9492.16,673.0,Submitted,10.78,,1.0,,,,Cluster,Xeon Platinum 8168 24C 2.7GHz,Intel Skylake,2700.0,Ubuntu,Linux,NVIDIA Tesla V100,24,Xeon Platinum (Skylake),NVIDIA DGX-2,NVIDIA DGX,Infiniband,Infiniband EDR,Asia,"50,813",179803
63,64,28,Piz Daint,"Cray XC50, Xeon E5-2690v3 12C 2.6GHz, Aries interconnect , NVIDIA Tesla P100",Swiss National Supercomputing Centre (CSCS),HPE,Switzerland,2017,Research,387872,"319,424",21230.0,27154.3,2384.24,Optimized,10.4,Optimized,3.0,"16,960.00","1,631.13",,MPP,Xeon E5-2690v3 12C 2.6GHz,Intel Haswell,2600.0,Cray Linux Environment ,Linux,NVIDIA Tesla P100,12,Intel Xeon E5 (Haswell),Cray XC50,Cray XC,Custom Interconnect,Aries interconnect ,Europe,"50,422",177824
64,65,53,HPC4,"Proliant DL380 Gen10, Xeon Platinum 8160  24C 2.1GHz, Mellanox InfiniBand EDR, NVIDIA Tesla P100",Eni S.p.A.,HPE,Italy,2018,Industry,253600,"177,520",12210.0,18621.14,1320.0,Optimized,9.8,Optimized,1.0,"11,490.00","1,172.00",,Cluster,Xeon Platinum 8160  24C 2.1GHz,Intel Skylake,2100.0,RHEL 7.4,Linux,NVIDIA Tesla P100,24,Xeon Platinum (Skylake),Proliant DL380 Gen10,HP Cluster Platform 3000,Infiniband,Mellanox InfiniBand EDR,Europe,"50,489",179444
65,66,73,Dragão,"Supermicro SYS-4029GP-TVRT, Xeon Gold 6230R 26C 2.1GHz, NVIDIA Tesla V100, Infiniband EDR",Petróleo Brasileiro S.A,Atos,Brazil,2021,Industry,188224,"174,080",8983.0,14006.48,943.12,Submitted,9.52,,1.0,,,,Cluster,Xeon Gold 6230R 26C 2.1GHz,Intel Cascade lake,2100.0,CentOS Linux 7,Linux,NVIDIA Tesla V100,26,Xeon Gold 62xx (Cascade Lake),Supermicro SYS-4029GP-TVRT,Supermicro Cluster,Infiniband,Infiniband EDR,South America,"49,587",179941
66,67,384,Béluga,"Dell EMC PowerEdge R640, Xeon Gold 6148 20C 2.4GHz, NVIDIA Tesla V100, Infiniband EDR",Calcul Québec/Compute Canada,DELL EMC,Canada,2019,Academic,72480,"55,040",2278.0,7494.78,240.0,Submitted,9.49,,2.0,,,,Cluster,Xeon Gold 6148 20C 2.4GHz,Intel Skylake,2400.0,CentOS,Linux,NVIDIA Tesla V100,20,Xeon Gold (Skylake),PowerEdge R640,Dell PowerEdge Cluster,Infiniband,Infiniband EDR,North America,"50,800",179605
67,68,200,,"NVIDIA DGX-1/Relion 2904GT, Xeon E5-2698v4 20C 2.2GHz/ E5-2650v4, Infiniband EDR, NVIDIA Tesla P100/Quadro GP100",Facebook,Self-made,United States,2017,Industry,60512,"55,552",3307.0,4896.51,349.5,Submitted,9.46,,2.0,,,,Cluster,Xeon E5-2698v4 20C 2.2GHz,Intel Broadwell,2200.0,Ubuntu,Linux,NVIDIA Tesla P100,20,Intel Xeon E5 (Broadwell),NVIDIA DGX-1/Relion 2904GT,Hybrid Cluster,Infiniband,Infiniband EDR,North America,"50,701",179068
68,69,208,Fênix,"Bull 4029GP-TVRT, Xeon Gold 5122 4C 3.6GHz, NVIDIA Tesla V100, Infiniband EDR",Petróleo Brasileiro S.A,Atos,Brazil,2019,Industry,60480,"57,600",3161.0,5371.78,389.76,Submitted,8.11,,,,,,Cluster,Xeon Gold 5122 4C 3.6GHz,Intel Skylake,3600.0,CentOS,Linux,NVIDIA Tesla V100,4,Xeon Gold (Skylake),Bull 4029GP-TVRT,Bull Cluster,Infiniband,Infiniband EDR,South America,"49,587",179681
69,70,438,,"Sugon TC6000, Xeon Gold 5118 12C 2.3GHz, NVIDIA Tesla V100, 25G Ethernet",Internet Service U,Sugon,China,2019,Others,44032,"40,960",2087.0,3843.38,260.0,Submitted,8.03,,,,,,Cluster,Xeon Gold 5118 12C 2.3GHz,Intel Skylake,2300.0,CentOS,Linux,NVIDIA Tesla V100,12,Xeon Gold (Skylake),Sugon TC6000,Sugon Cluster,Gigabit Ethernet,25G Ethernet,Asia,"50,777",179730
70,71,479,,"Sugon TC6000, Xeon Gold 5118 12C 2.3GHz, 25G Ethernet, NVIDIA Tesla V100",Energy Company,Sugon,China,2019,Industry,41280,"38,400",1963.0,3603.46,245.0,Submitted,8.01,,,,,,Cluster,Xeon Gold 5118 12C 2.3GHz,Intel Skylake,2300.0,CentOS,Linux,NVIDIA Tesla V100,12,Xeon Gold (Skylake),Sugon TC6000,Sugon Cluster,Gigabit Ethernet,25G Ethernet,Asia,"50,417",179783
71,72,460,,"Sugon TC6000, Xeon Gold 5118 12C 2.3GHz, NVIDIA Tesla V100, 25G Ethernet",Internet Company,Sugon,China,2019,Industry,42312,"39,360",2003.0,3693.54,250.0,Submitted,8.01,,,,,,Cluster,Xeon Gold 5118 12C 2.3GHz,Intel Skylake,2300.0,CentOS,Linux,NVIDIA Tesla V100,12,Xeon Gold (Skylake),Sugon TC6000,Sugon Cluster,Gigabit Ethernet,25G Ethernet,Asia,"50,598",179731
72,73,137,Atlas,"Bull 4029GP-TVRT, Xeon Gold 6240 18C 2.6GHz, NVIDIA Tesla V100, Infiniband EDR",Petróleo Brasileiro S.A,Atos,Brazil,2020,Industry,91936,"87,040",4376.0,8848.49,546.58,Submitted,8.01,,,,,,Cluster,Xeon Gold 6240 18C 2.6GHz,Intel Cascade lake,2600.0,CentOS,Linux,NVIDIA Tesla V100,18,Xeon Gold 62xx (Cascade Lake),Bull 4029GP-TVRT,Bull Cluster,Infiniband,Infiniband EDR,South America,"49,587",179854
73,74,424,,"Sugon TC6000, Xeon Gold 5118 12C 2.3GHz, NVIDIA Tesla V100, Infiniband EDR",Xinjiang SC Center,Sugon,China,2019,Government,44720,"41,600",2115.0,3903.43,265.0,Submitted,7.98,,,,,,Cluster,Xeon Gold 5118 12C 2.3GHz,Intel Skylake,2300.0,CentOS,Linux,NVIDIA Tesla V100,12,Xeon Gold (Skylake),Sugon TC6000,Sugon Cluster,Infiniband,Infiniband EDR,Asia,"50,790",179729
74,75,63,Earth Simulator -SX-Aurora TSUBASA,"SX-Aurora TSUBASA B401-8, Vector Engine Type20B 8C 1.6GHz, Infiniband HDR200",Japan Agency for Marine-Earth Science and Technology,NEC,Japan,2021,Research,43776,,9990.7,13447.99,1390.95,Optimized,7.18,Optimized,2.0,"9,990.70","1,390.95",,Cluster,Vector Engine Type20B 8C 1.6GHz,NEC Vector Engine,1600.0,VEOS,Linux,None,8,Vector Engine,SX-Aurora TSUBASA B401-8,SX-Aurora TSUBASA,Infiniband,Infiniband HDR200,Asia,"49,318",179927
75,76,99,,"SX-Aurora TSUBASA A412-8, Vector Engine Type10AE 8C 1.58GHz, InfiniBand HDR 100",Deutscher Wetterdienst,NEC,Germany,2022,Research,28160,,6434.0,8408.45,953.75,Optimized,6.75,Optimized,3.0,6.43,,,Cluster,Vector Engine Type10AE 8C 1.58GHz,NEC Vector Engine,1584.0,VEOS,Linux,None,8,Vector Engine,SX-Aurora TSUBASA A412-8,SX-Aurora TSUBASA,Infiniband,InfiniBand HDR 100,Europe,"47,712",180091
76,77,311,Conesus,"PowerEdge C6220, Xeon Platinum 8480+ 56C 2GHz, Infiniband HDR200",University of Rochester - Laboratory for Laser Energetics,DELL EMC,United States,2023,Research,43008,,2589.48,2752.51,409.25,Submitted,6.33,,3.0,,,,Cluster,Xeon Platinum 8480+ 56C 2GHz,Intel Sapphire Rapids,2000.0,TOSS 4 Linux,Linux,None,56,Xeon Platinum (Sapphire Rapids),PowerEdge C6220,Dell PowerEdge Cluster,Infiniband,Infiniband HDR200,North America,"50,958",180176
77,78,379,MeluXina - Cluster Module,"BullSequana XH2000, AMD EPYC 7H12 64C 2.6GHz, Mellanox HDR200 InfiniBand/ParTec ParaStation ClusterSuite",LuxProvide,Atos,Luxembourg,2021,Research,73344,,2286.56,3003.18,377.21,Optimized,6.06,Optimized,1.0,"2,286.56",,,Cluster,AMD EPYC 7H12 64C 2.6GHz,AMD Zen-2 (Rome),2600.0,RHEL compatible,Linux,None,64,AMD Zen-2 (Rome),BullSequana XH2000,BullSequana,Infiniband,Mellanox HDR200 InfiniBand/ParTec ParaStation ClusterSuite,Europe,"50,882",179964
78,79,124,,"SX-Aurora TSUBASA A412-8, Vector Engine Type10AE 8C 1.58GHz, InfiniBand HDR 100",Deutscher Wetterdienst,NEC,Germany,2022,Research,21696,,5050.1,6539.9,834.04,Optimized,6.05,Optimized,1.0,"5,050.10",834.04,,Cluster,Vector Engine Type10AE 8C 1.58GHz,NEC Vector Engine,1584.0,VEOS,Linux,None,8,Vector Engine,SX-Aurora TSUBASA A412-8,SX-Aurora TSUBASA,Infiniband,InfiniBand HDR 100,Europe,"47,712",180090
79,80,7,Sunway TaihuLight,"Sunway MPP, Sunway SW26010 260C 1.45GHz, Sunway",National Supercomputing Center in Wuxi,NRCPC,China,2016,Research,10649600,,93014.59,125435.9,15371.0,Submitted,6.05,,2.0,,,,MPP,Sunway SW26010 260C 1.45GHz,ShenWei,1450.0,Sunway RaiseOS 2.0.5,Linux,None,260,Sunway,Sunway MPP,Sunway Cluster,Custom Interconnect,Sunway,Asia,"50,623",178764
80,81,85,Underhill,"ThinkSystem SD650 V2, Xeon Platinum 8380 40C 2.3GHz, Infiniband HDR",Shared Services Canada,Lenovo,Canada,2022,Government,148320,,7764.57,10916.35,1294.72,Submitted,6.0,,1.0,,,,Cluster,Xeon Platinum 8380 40C 2.3GHz,Intel Ice Lake,2300.0,Linux,Linux,None,40,Xeon Platinum 83xx (Ice Lake),ThinkSystem SD650 V2,Lenovo ThinkSystem,Infiniband,Infiniband HDR,North America,"50,719",180081
81,82,86,Robert,"ThinkSystem SD650-N V2, Xeon Platinum 8380 40C 2.3GHz, Infiniband HDR",Shared Services Canada,Lenovo,Canada,2022,Government,148320,,7764.57,10916.35,1294.72,Submitted,6.0,,1.0,,,,Cluster,Xeon Platinum 8380 40C 2.3GHz,Intel Ice Lake,2300.0,Linux,Linux,None,40,Xeon Platinum 83xx (Ice Lake),ThinkSystem SD650 V2,Lenovo ThinkSystem,Infiniband,Infiniband HDR,North America,"50,719",180082
82,83,238,Barnard,"EVIDEN BullSequana X2140, Xeon Platinum 8470 52C 2GHz, Mellanox HDR Infiniband","TU Dresden, ZIH",Atos,Germany,2023,Academic,65520,,3047.36,4046.85,535.7,Optimized,5.7,Optimized,3.0,"3,047.36",534.70,,Cluster,Xeon Platinum 8470 52C 2GHz,Intel Sapphire Rapids,2000.0,RedHat Enterprise Linux,Linux,None,52,Xeon Platinum (Sapphire Rapids),EVIDEN BullSequana X2140,EVIDEN BullSequana,Infiniband,Mellanox HDR Infiniband,Europe,"50,565",180137
83,84,264,"Karolina, CPU partition","Apollo 2000, AMD EPYC 7H12 64C 2.6GHz, InfiniBand HDR 100","IT4Innovations National Supercomputing Center, VSB-Technical University of Ostrava",HPE,Czechia,2021,Academic,92160,,2837.4,3833.86,502.7,Submitted,5.64,,,,,,Cluster,AMD EPYC 7H12 64C 2.6GHz,AMD Zen-2 (Rome),2600.0,CentOS,Linux,None,64,AMD Zen-2 (Rome),Apollo 2000,HPE Apollo,Infiniband,InfiniBand HDR 100,Europe,"50,561",179926
84,85,38,Maru,"ThinkSystem SD650 V2, Xeon Platinum 8368Q 38C 2.6GHz, Infiniband HDR",Korea Meteorological Administration,Lenovo,South Korea,2021,Government,306432,,18002.8,25495.14,3296.0,Submitted,5.46,,1.0,,,,Cluster,Xeon Platinum 8368Q 38C 2.6GHz,Intel Ice Lake,2600.0,Linux,Linux,None,38,Xeon Platinum 83xx (Ice Lake),ThinkSystem SD650-N V2,Lenovo ThinkSystem,Infiniband,Infiniband HDR,Asia,"50,890",180023
85,86,37,Guru,"ThinkSystem SD650 V2, Xeon Platinum 8368Q 38C 2.6GHz, Infiniband HDR",Korea Meteorological Administration,Lenovo,South Korea,2021,Government,306432,,18002.8,25495.14,3296.0,Submitted,5.46,,1.0,,,,Cluster,Xeon Platinum 8368Q 38C 2.6GHz,Intel Ice Lake,2600.0,Linux,Linux,None,38,Xeon Platinum 83xx (Ice Lake),ThinkSystem SD650 V2,Lenovo ThinkSystem,Infiniband,Infiniband HDR,Asia,"50,890",179912
86,87,415,HSUper,"Megware D50TNP, Xeon Platinum 8360Y 36C 2.4GHz, InfiniBand HDR100",Helmut-Schmidt-Universität/Universität der Bundeswehr Hamburg,MEGWARE,Germany,2022,Academic,41832,,2129.92,3212.7,394.7,Submitted,5.4,,1.0,,,,Cluster,Xeon Platinum 8360Y 36C 2.4GHz,Intel Ice Lake,2400.0,AlmaLinux 8.5,Linux,None,36,Xeon Platinum 83xx (Ice Lake),Megware D50TNP,MEGWARE Cluster,Infiniband,InfiniBand HDR100,Europe,"50,913",180076
87,88,178,Fritz,"Megware D50TNP, Xeon Platinum 8360Y 36C 2.4GHz, InfiniBand HDR100",Universitaet Erlangen - Regionales Rechenzentrum Erlangen,MEGWARE,Germany,2021,Academic,71424,,3578.03,5452.18,671.97,Submitted,5.32,,1.0,,,,Cluster,Xeon Platinum 8360Y 36C 2.4GHz,Intel Ice Lake,2400.0,AlmaLinux 8.5,Linux,None,36,Xeon Platinum 83xx (Ice Lake),Megware D50TNP,MEGWARE Cluster,Infiniband,InfiniBand HDR100,Europe,"49,515",180074
88,89,101,LUMI-C,"HPE Cray EX, AMD EPYC 7763 64C 2.45GHz, Slingshot-10",EuroHPC/CSC,HPE,Finland,2021,Research,194560,,6299.79,7626.75,1215.53,Submitted,5.18,,2.0,,,,MPP,AMD EPYC 7763 64C 2.45GHz,AMD Zen-3 (Milan),2450.0,HPE Cray OS,Linux,None,64,AMD Zen-3 (Milan),HPE Cray EX,HPE Cray EX,Gigabit Ethernet,Slingshot-10,Europe,"50,908",180045
89,90,496,Rockfish,"ThinkSystem SD530, Xeon Gold 6248R 24C 3GHz, Infiniband HDR",Johns Hopkins University,Lenovo,United States,2020,Academic,32352,,1886.65,3105.79,369.0,Submitted,5.11,,1.0,,,,Cluster,Xeon Gold 6248R 24C 3GHz,Intel Cascade lake,3000.0,Linux,Linux,None,24,Xeon Gold 62xx (Cascade Lake),ThinkSystem SD530,Lenovo ThinkSystem,Infiniband,Infiniband HDR,North America,"50,922",180072
90,91,84,Plasma Simulator,"SX-Aurora TSUBASA A412-8, Vector Engine Type10AE 8C 1.58GHz, Infiniband HDR 200",National Institute for Fusion Science (NIFS),NEC,Japan,2020,Research,34560,,7892.7,10510.66,1550.1,Submitted,5.09,,1.0,,,,Cluster,Vector Engine Type10AE 8C 1.58GHz,NEC Vector Engine,1584.0,VEOS,Linux,None,8,Vector Engine,SX-Aurora TSUBASA A412-8,SX-Aurora TSUBASA,Infiniband,Infiniband HDR200,Asia,"48,476",179871
91,92,140,Oakbridge-CX,"Fujitsu PRIMERGY CX2550/CX2560 M5, Xeon Platinum 8280 28C 2.7GHz, Intel Omni-Path","Information Technology Center, The University of Tokyo",Fujitsu,Japan,2019,Academic,76608,,4289.85,6618.93,845.09,Submitted,5.08,,2.0,,,,Cluster,Xeon Platinum 8280 28C 2.7GHz,Intel Cascade lake,2700.0,Linux,Linux,None,28,Xeon Platinum 82xx (Cascade Lake),Fujitsu PRIMERGY CX2550/CX2560 M5,Fujitsu PRIMERGY,Omnipath,Intel Omni-Path,Asia,"50,096",179606
92,93,117,MAHTI,"Bull Sequana XH2000 , AMD Rome 7H12 64C 2.6GHz, Mellanox HDR100",CSC (Center for Scientific Computing),Atos,Finland,2020,Academic,169728,,5388.52,7060.68,1070.0,Submitted,5.04,,2.0,,,,Cluster,AMD Rome 7H12 64C 2.6GHz,AMD Zen-2 (Rome),2600.0,bullx SCS,Linux,None,64,AMD Zen-2 (Rome),BullSequana XH2000,BullSequana,Infiniband,InfiniBand HDR100,Europe,"47,508",179855
93,94,104,SQUID - CPU Nodes,"NEC LX 103Bj-8, Xeon Platinum 8368 38C 2.4GHz, Infiniband HDR200",Osaka University,NEC,Japan,2021,Academic,115520,,6105.1,8871.94,1222.2,Optimized,5.0,Optimized,1.0,"6,105.10","1,222.20",,Cluster,Xeon Platinum 8368 38C 2.4GHz,Intel Ice Lake,2400.0,CentOS,Linux,None,38,Xeon Platinum 83xx (Ice Lake),NEC LX 103Bj-8,NEC Cluster,Infiniband,Infiniband HDR200,Asia,"48,585",179934
94,95,32,Hawk,"Apollo 9000, AMD EPYC 7742 64C 2.25GHz, Mellanox HDR Infiniband",HLRS - Höchstleistungsrechenzentrum Stuttgart,HPE,Germany,2020,Research,698880,,19334.0,25159.68,3905.83,Submitted,4.95,,,,,,Cluster,AMD EPYC 7742 64C 2.25GHz,AMD Zen-2 (Rome),2250.0,Tri-Lab Operating System ,Linux,None,64,AMD Zen-2 (Rome),Apollo 9000,HPE Apollo,Infiniband,Mellanox HDR Infiniband,Europe,"50,543",179880
95,96,426,MagicCube3,"Sugon TC6000, Xeon Gold 6142 16C 2.6GHz, Intel Omni-Path, NVIDIA Tesla V100",Shanghai Supercomputer Center,Sugon,China,2019,Research,40960,"5,120",2109.0,3434.09,430.0,Submitted,4.9,,,,,,Cluster,Xeon Gold 6142 16C 2.6GHz,Intel Skylake,2600.0,CentOS,Linux,NVIDIA Tesla V100,16,Xeon Gold (Skylake),Sugon TC6000,Sugon Cluster,Omnipath,Intel Omni-Path,Asia,"49,697",179695
96,97,78,Taranis,"Bull Sequana XH2000 , AMD EPYC 7742 64C 2.25GHz, Mellanox InfiniBand HDR100",Meteo France,Atos,France,2020,Research,294912,,8191.03,10321.92,1672.0,Submitted,4.9,,1.0,,,,Cluster,AMD EPYC 7742 64C 2.25GHz,AMD Zen-2 (Rome),2250.0,bullx SCS,Linux,None,64,AMD Zen-2 (Rome),BullSequana XH2000,BullSequana,Infiniband,InfiniBand HDR100,Europe,"48,356",179892
97,98,92,JOLIOT-CURIE ROME,"Bull Sequana XH2000 , AMD Rome 7H12 64C 2.6GHz, Mellanox HDR100",CEA/TGCC-GENCI,Atos,France,2019,Research,197120,,6988.04,12039.37,1436.0,Submitted,4.87,,1.0,,,,Cluster,AMD Rome 7H12 64C 2.6GHz,AMD Zen-2 (Rome),2600.0,bullx SCS,Linux,None,64,AMD Zen-2 (Rome),BullSequana XH2000,BullSequana,Infiniband,InfiniBand HDR100,Europe,"50,414",179700
98,99,233,Alps,"HPE Cray EX, AMD EPYC 7742 64C 2.25GHz, Slingshot-10",Swiss National Supercomputing Centre (CSCS),HPE,Switzerland,2020,Research,128000,,3088.6,4608.0,637.95,Submitted,4.84,,3.0,,,,MPP,AMD EPYC 7742 64C 2.25GHz,AMD Zen-2 (Rome),2250.0,HPE Cray OS,Linux,None,64,AMD Zen-2 (Rome),HPE Cray EX,HPE Cray EX,Gigabit Ethernet,Slingshot-10,Europe,"50,422",179900
99,100,148,Noctua 2,"BullSequana XH2000, AMD EPYC 7763 64C 2.45GHz, InfiniBand HDR100",Universitaet Paderborn - PC2,Atos,Germany,2022,Academic,135168,,4190.9,5298.59,868.74,Optimized,4.82,Optimized,1.0,"4,190.90",868.74,,Cluster,AMD EPYC 7763 64C 2.45GHz,AMD Zen-3 (Milan),2450.0,Linux,Linux,None,64,AMD Zen-3 (Milan),BullSequana XH2000,BullSequana,Infiniband,InfiniBand HDR100,Europe,"49,104",180071
100,101,362,Ares,"CH121L V5 Liquid-Cooled, Xeon Platinum 8268 24C 2.9GHz, Infiniband EDR",Cyfronet,Huawei,Poland,2021,Academic,37824,,2338.79,3510.07,486.85,Optimized,4.81,Optimized,2.0,"2,338.79",486.02,,Cluster,Xeon Platinum 8268 24C 2.9GHz,Intel Cascade lake,2900.0,CentOS,Linux,None,24,Xeon Platinum 82xx (Cascade Lake),CH121L V5 Liquid-Cooled,Huawei Cluster,Infiniband,Infiniband EDR,Europe,"47,634",179958
101,102,365,HoreKa-Blue,"ThinkSystem SD650 V2, Xeon Platinum 8368 38C 2.4GHz, Mellanox HDR Infiniband",Karlsruher Institut für Technologie (KIT) ,Lenovo,Germany,2021,Academic,45752,,2333.51,3513.75,494.51,Optimized,4.72,Optimized,1.0,"2,333.51",494.51,,Cluster,Xeon Platinum 8368 38C 2.4GHz,Intel Ice Lake,2400.0,Linux,Linux,None,38,Xeon Platinum 83xx (Ice Lake),ThinkSystem SD650 V2,Lenovo ThinkSystem,Infiniband,Mellanox HDR Infiniband,Europe,"50,444",179914
102,103,22,CEA-HF,"BullSequana XH2000, AMD EPYC 7763 64C 2.45GHz, Atos BXI V2",Commissariat a l'Energie Atomique (CEA),Atos,France,2021,Research,810240,,23237.6,31761.4,4959.47,Optimized,4.69,Optimized,1.0,"23,237.60",,,Cluster,AMD EPYC 7763 64C 2.45GHz,AMD Zen-3 (Milan),2450.0,Linux,Linux,None,64,AMD Zen-3 (Milan),BullSequana XH2000,BullSequana,Custom Interconnect,Atos BXI V2,Europe,"47,593",180031
103,104,87,Belenos,"Bull Sequana XH2000 , AMD EPYC 7742 64C 2.25GHz, Mellanox HDR100",Meteo France,Atos,France,2020,Research,294912,,7683.36,10469.38,1655.0,Submitted,4.64,,1.0,,,,Cluster,AMD EPYC 7742 64C 2.25GHz,AMD Zen-2 (Rome),2250.0,bullx SCS,Linux,None,64,AMD Zen-2 (Rome),BullSequana XH2000,BullSequana,Infiniband,InfiniBand HDR100,Europe,"48,356",179853
104,105,216,Lichtenberg II (Phase 1),"MEGWARE MiriQuid, Intel Xeon Platinum 9242 48C 2.3GHz, Mellanox InfiniBand HDR100",Technische Universitaet Darmstadt,MEGWARE,Germany,2020,Academic,59136,,3148.38,4352.41,690.0,Submitted,4.56,,2.0,,,,Cluster,Intel Xeon Platinum 9242 48C 2.3GHz,Intel Cascade lake,2300.0,CentOS,Linux,None,48,Xeon Platinum 92xx (Cascade Lake),MEGWARE MiriQuid,MEGWARE Cluster,Infiniband,InfiniBand HDR100,Europe,"49,078",179857
105,106,102,JUWELS Module 1,"Bull Sequana X1000, Xeon Platinum 8168 24C 2.7GHz, Mellanox EDR InfiniBand/ParTec ParaStation ClusterSuite",Forschungszentrum Juelich (FZJ),Atos,Germany,2018,Research,114480,,6177.73,9891.07,1361.0,Submitted,4.54,,2.0,,,,Cluster,Xeon Platinum 8168 24C 2.7GHz,Intel Skylake,2700.0,CentOS,Linux,None,24,Xeon Platinum (Skylake),BullSequana X1000,BullSequana,Infiniband,Mellanox EDR InfiniBand/ParTec ParaStation ClusterSuite,Europe,"47,871",179424
106,107,71,Aitken,"HPE Apollo 9000/HPE SGI 8600, AMD EPYC 7742 64C 2.25GHz/Intel Xeon Gold 6248 20C 2.5GHz, Mellanox EDR/HDR Infiniband",NASA/Ames Research Center/NAS,HPE,United States,2022,Research,293936,,9070.0,12493.06,2010.1,Submitted,4.51,,,,,,Cluster,AMD EPYC 7742 64C 2.25GHz,AMD Zen-2 (Rome),2250.0,Tri-Lab Operating System ,Linux,None,64,AMD Zen-2 (Rome),Apollo 9000,HPE Apollo,Infiniband,Mellanox HDR Infiniband,North America,"48,408",179959
107,108,181,Anvil,"PowerEdge 6525, AMD EPYC 7763 64C 2.45GHz, InfiniBand HDR 100",Purdue University,DELL EMC,United States,2022,Academic,127488,,3563.1,4997.53,792.0,Submitted,4.5,,1.0,,,,Cluster,AMD EPYC 7763 64C 2.45GHz,AMD Zen-3 (Milan),2450.0,Rocky Linux 8.4,Linux,None,64,AMD Zen-3 (Milan),PowerEdge 6525,Dell PowerEdge Cluster,Infiniband,InfiniBand HDR 100,North America,"48,657",180085
108,109,374,VSC-5,"MEGWARE SLIDESX, AMD EPYC 7713 64C 2GHz, Infiniband HDR",Vienna Scientific Cluster,MEGWARE,Austria,2022,Academic,95232,,2312.3,3047.42,516.0,Submitted,4.48,,,,,,Cluster,AMD EPYC 7713 64C 2GHz,AMD Zen-3 (Milan),2000.0,AlmaLinux 8.5,Linux,None,64,AMD Zen-3 (Milan),MEGWARE SLIDESX,MEGWARE Cluster,Infiniband,Infiniband HDR,Europe,"50,345",180056
109,110,141,SNL/NNSA CTS-1 Manzano,"Tundra Extreme Scale, Xeon Platinum 8268 24C 2.9GHz, Intel Omni-Path",Sandia National Laboratories,Penguin Computing,United States,2020,Research,71424,,4281.0,6628.15,960.0,Submitted,4.46,,2.0,,,,Cluster,Xeon Platinum 8268 24C 2.9GHz,Intel Cascade lake,2900.0,Linux/TOSS,Linux,None,24,Xeon Platinum 82xx (Cascade Lake),Tundra Extreme Scale,Penguin Computing Cluster,Omnipath,Intel Omni-Path,North America,"48,748",179907
110,111,234,Numerical Materials Simulator,"HPE SGI 8600, Xeon Platinum 8268 24C 2.9GHz, Dual-rail Intel Omni-Path",National Institute for Materials Science,HPE,Japan,2020,Research,53568,,3082.12,4971.11,691.2,Submitted,4.46,,1.0,,,,Cluster,Xeon Platinum 8268 24C 2.9GHz,Intel Cascade lake,2900.0,CentOS,Linux,None,24,Xeon Platinum 82xx (Cascade Lake),HPE SGI 8600,HPE SGI 8600,Omnipath,Dual-rail Intel Omni-Path,Asia,"49,749",179847
111,112,154,JOLIOT-CURIE SKL,"Bull Sequana X1000, Xeon Platinum 8168 24C 2.7GHz, Mellanox EDR",CEA/TGCC-GENCI,Atos,France,2017,Research,79488,,4065.55,6635.52,917.0,Submitted,4.43,,,,,,Cluster,Xeon Platinum 8168 24C 2.7GHz,Intel Skylake,2700.0,bullx SCS,Linux,None,24,Xeon Platinum (Skylake),BullSequana X1000,BullSequana,Infiniband,Mellanox InfiniBand EDR,Europe,"50,414",179411
112,113,389,Cumulus,"PowerEdge C6420/C6320, Intel Xeon Phi 7210/Xeon Gold 6142F 16C 2.6GHz, Intel Omni-Path",University of Cambridge,DELL EMC,United Kingdom,2018,Academic,50176,,2271.38,2688.0,530.0,Submitted,4.29,,,,,,Cluster,Xeon Gold 6142F 16C 2.6GHz,Intel Skylake,2600.0,Scientific Linux,Linux,None,16,Xeon Gold (Skylake),PowerEdge C6420/C6320,Dell PowerEdge Cluster,Omnipath,Intel Omni-Path,Europe,"49,143",179577
113,114,186,Altair,"CH121L V5 Liquid-Cooled, Xeon Platinum 8268 24C 2.9GHz, Infiniband EDR",PCSS Poznan,Huawei,Poland,2020,Academic,63360,,3533.61,5879.81,829.0,Submitted,4.26,,1.0,,,,Cluster,Xeon Platinum 8268 24C 2.9GHz,Intel Cascade lake,2900.0,CentOS,Linux,None,24,Xeon Platinum 82xx (Cascade Lake),CH121L V5 Liquid-Cooled,Huawei Cluster,Infiniband,Infiniband EDR,Europe,"50,183",179903
114,115,110,,"Cray XC50, Xeon Platinum 8160  24C 2.1GHz, Aries interconnect ",Japan Meteorological Agency,Cray Inc./Hitachi,Japan,2018,Research,135792,,5730.5,9125.22,1353.95,Submitted,4.23,,,,,,MPP,Xeon Platinum 8160  24C 2.1GHz,Intel Skylake,2100.0,Cray Linux Environment ,Linux,None,24,Xeon Platinum (Skylake),Cray XC50,Cray XC,Custom Interconnect,Aries interconnect ,Asia,"48,169",179414
115,116,111,,"Cray XC50, Xeon Platinum 8160  24C 2.1GHz, Aries interconnect ",Japan Meteorological Agency,Cray Inc./Hitachi,Japan,2018,Research,135792,,5730.5,9125.22,1353.95,Submitted,4.23,,,,,,MPP,Xeon Platinum 8160  24C 2.1GHz,Intel Skylake,2100.0,Cray Linux Environment ,Linux,None,24,Xeon Platinum (Skylake),Cray XC50,Cray XC,Custom Interconnect,Aries interconnect ,Asia,"48,169",179415
116,117,417,Snellius Phase 1 CPU,"ThinkSystem SR645, AMD EPYC 7H12 64C 2.6GHz, InfiniBand HDR100",SURF,Lenovo,Netherlands,2021,Research,73728,,2127.8,3067.08,504.0,Submitted,4.22,,1.0,,,,Cluster,AMD EPYC 7H12 64C 2.6GHz,AMD Zen-2 (Rome),2600.0,CentOS Linux 8.4,Linux,None,64,AMD Zen-2 (Rome),ThinkSystem SR645,Lenovo ThinkSystem,Infiniband,InfiniBand HDR100,Europe,"50,900",180027
117,118,428,ATERUI II ,"Cray XC50, Xeon Gold 6148 20C 2.4GHz, Aries interconnect ",National Astronomical Observatory of Japan,HPE,Japan,2018,Academic,40000,,2089.98,3072.0,495.86,Submitted,4.21,,,,,,MPP,Xeon Gold 6148 20C 2.4GHz,Intel Skylake,2400.0,Cray Linux Environment ,Linux,None,20,Xeon Gold (Skylake),Cray XC50,Cray XC,Custom Interconnect,Aries interconnect ,Asia,"50,097",179419
118,119,236,Camphor 2,"Cray XC40, Intel Xeon Phi 7250 68C 1.4GHz, Aries interconnect ","Academic Center for Computing and Media Studies (ACCMS),  Kyoto University",HPE,Japan,2016,Academic,122400,,3057.35,5483.52,748.1,Submitted,4.09,,,,,,MPP,Intel Xeon Phi 7250 68C 1.4GHz,Intel Xeon Phi,1400.0,Cray Linux Environment ,Linux,None,68,Intel Xeon Phi,Cray XC40,Cray XC,Custom Interconnect,Aries interconnect ,Asia,"50,516",178927
119,120,429,Greene,"ThinkSystem SR650, Xeon Gold 6240 18C 2.6GHz, Infiniband HDR",New York University,Lenovo,United States,2020,Academic,32796,,2088.83,3042.43,511.54,Optimized,4.08,Optimized,2.0,"2,088.83",511.54,,Cluster,Xeon Platinum 8268 24C 2.9GHz,Intel Cascade lake,2900.0,Linux,Linux,None,24,Xeon Platinum 82xx (Cascade Lake),ThinkSystem SR650,Lenovo ThinkSystem,Infiniband,Infiniband HDR,North America,"49,783",179851
120,121,375,Taiwania 3,"QCT QuantaPlex T42D-2U/4N, Xeon Platinum 8280 28C 2.7GHz, InfiniBand HDR 100",National Center for High Performance Computing,Quanta Computer / Taiwan Fixed Network / ASUS Cloud,Taiwan,2020,Research,50400,,2297.56,4354.56,563.85,Submitted,4.07,,1.0,,,,Cluster,Xeon Platinum 8280 28C 2.7GHz,Intel Cascade lake,2700.0,CentOS,Linux,None,28,Xeon Platinum 82xx (Cascade Lake),QCT QuantaPlex T42D-2U/4N,QCT QuantaPlex,Infiniband,InfiniBand HDR 100,Asia,"48,468",179902
121,122,109,Sawtooth,"HPE SGI 8600, Xeon Platinum 8268 24C 2.9GHz, Infiniband EDR/HDR ",Idaho National Laboratory,HPE,United States,2019,Research,99792,,5780.62,9220.61,1432.0,Submitted,4.04,,1.0,,,,Cluster,Xeon Platinum 8268 24C 2.9GHz,Intel Cascade lake,2900.0,RHEL 7.6,Linux,None,24,Xeon Platinum 82xx (Cascade Lake),HPE SGI 8600,HPE SGI 8600,Infiniband,Infiniband EDR/HDR ,North America,"47,650",179708
122,123,271,JFRS-1,"Cray XC50, Xeon Gold 6148 20C 2.4GHz, Aries interconnect ","Rokkasho Fusion Institute, National Institutes for Quantum and Radiological Science and Technology",HPE,Japan,2018,Research,54560,,2787.14,4190.21,697.51,Submitted,4.0,,,,,,MPP,Xeon Gold 6148 20C 2.4GHz,Intel Skylake,2400.0,Cray Linux Environment ,Linux,None,20,Xeon Gold (Skylake),Cray XC50,Cray XC,Custom Interconnect,Aries interconnect ,Asia,"50,767",179417
123,124,98,MareNostrum,"Lenovo SD530, Xeon Platinum 8160 24C 2.1GHz, Intel Omni-Path",Barcelona Supercomputing Center,Lenovo,Spain,2017,Academic,153216,,6470.8,10296.12,1632.0,Submitted,3.96,,,,,,Cluster,Xeon Platinum 8160  24C 2.1GHz,Intel Skylake,2100.0,SUSE Linux,Linux,None,24,Xeon Platinum (Skylake),ThinkSystem SD530,Lenovo ThinkSystem,Omnipath,Intel Omni-Path,Europe,"49,748",179067
124,125,177,Niagara,"ThinkSystem SD530, Xeon Gold 6248 20C 2.5GHz, InfiniBand HDR100",SciNet/University of Toronto/Compute Canada,Lenovo,Canada,2017,Research,80640,,3599.66,6253.06,919.42,Submitted,3.92,,1.0,,,,Cluster,Xeon Gold 6148 20C 2.4GHz,Intel Skylake,2400.0,CentOS,Linux,None,20,Xeon Gold (Skylake),ThinkSystem SD530,Lenovo ThinkSystem,Infiniband,4xEDR Infiniband,North America,"50,206",179408
125,126,465,,"Sugon TC6000, Xeon Gold 6148 20C 2.4GHz, Infiniband EDR",Chengdu SC Center,Sugon,China,2019,Industry,520000,,1985.0,39936.0,510.0,Submitted,3.89,,,,,,Cluster,Xeon Gold 6148 20C 2.4GHz,Intel Skylake,2400.0,CentOS,Linux,None,20,Xeon Gold (Skylake),Sugon TC6000,Sugon Cluster,Infiniband,Infiniband EDR,Asia,"50,815",179732
126,127,467,Gaïa,"Bull intel Cluster, Xeon Gold 6140 18C 2.3GHz, Intel Omni-Path",EDF,Atos,France,2018,Industry,41472,,1980.53,3052.34,512.0,Submitted,3.87,,1.0,,,,Cluster,Xeon Gold 6140 18C 2.3GHz,Intel Skylake,2300.0,Calibre OS,Linux,None,18,Xeon Gold (Skylake),Bull intel Cluster,Bull Cluster,Omnipath,Intel Omni-Path,Europe,"50,679",179569
127,128,369,Makman-3,"PowerEdge R440/C6320p, Intel Xeon Phi 7250/Xeon Gold 6130 16C 2.1GHz, Intel Omni-Path",Saudi Aramco,DELL EMC,Saudi Arabia,2018,Industry,53300,,2322.46,3581.76,608.0,Submitted,3.82,,,,,,Cluster,Xeon Gold 6130 16C 2.1GHz,Intel Skylake,2100.0,RHEL 7.4,Linux,None,16,Xeon Gold (Skylake),PowerEdge R440,Dell PowerEdge Cluster,Omnipath,Intel Omni-Path,Asia,"48,751",179437
128,129,54,Tera-1000-2,"Bull Sequana X1000, Intel Xeon Phi 7250 68C 1.4GHz, Bull BXI 1.2",Commissariat a l'Energie Atomique (CEA),Atos,France,2017,Research,561408,,11965.5,23396.35,3178.0,Submitted,3.77,,2.0,,,,Cluster,Intel Xeon Phi 7250 68C 1.4GHz,Intel Xeon Phi,1400.0,bullx SCS,Linux,None,68,Intel Xeon Phi,BullSequana X1000,BullSequana,Custom Interconnect,Bull BXI 1.2,Europe,"47,593",179412
129,130,488,CTcluster,"Sugon TC6000, Xeon Gold 6140 18C 2.3GHz, 10G Ethernet",Telecom Company,Sugon,China,2018,Industry,54000,,1928.0,3974.4,520.0,Submitted,3.71,,,,,,Cluster,Xeon Gold 6140 18C 2.3GHz,Intel Skylake,2300.0,CentOS,Linux,None,18,Xeon Gold (Skylake),Sugon TC6000,Sugon Cluster,Gigabit Ethernet,10G Ethernet,Asia,"50,591",179535
130,131,203,LLNL/NNSA CTS-1 MAGMA,"Relion Cluster, Intel Xeon Platinum 9242 48C 2.3GHz, Intel Omni-Path",Lawrence Livermore National Laboratory,Penguin Computing,United States,2019,Research,62400,,3241.24,4592.64,887.0,Submitted,3.65,,,,,,Cluster,Intel Xeon Platinum 9242 48C 2.3GHz,Intel Cascade lake,2300.0,Linux/TOSS,Linux,None,48,Xeon Platinum 92xx (Cascade Lake),Relion Cluster,Penguin Computing Cluster,Omnipath,Intel Omni-Path,North America,"48,247",179774
131,132,282,SNL/NNSA CTS-1 Attaway,"Tundra Extreme Scale, Xeon Gold 6140 18C 2.3GHz, Intel Omni-Path",Sandia National Laboratories,Penguin Computing,United States,2019,Research,52920,,2724.52,3894.91,750.0,Submitted,3.63,,2.0,,,,Cluster,Xeon Gold 6140 18C 2.3GHz,Intel Skylake,2300.0,Linux/TOSS,Linux,None,18,Xeon Gold (Skylake),Tundra Extreme Scale,Penguin Computing Cluster,Omnipath,Intel Omni-Path,North America,"48,748",179777
132,133,122,TX-GAIA (Green AI Accelerator),"Apollo 2000, Xeon Gold 6248 20C 2.5GHz, NVIDIA Tesla V100, Intel Omni-Path",MIT Lincoln Laboratory Supercomputing Center,HPE,United States,2019,Academic,88400,"70,720",5161.0,6981.48,1436.0,Submitted,3.59,,,,,,Cluster,Xeon Gold 6248 20C 2.5GHz,Intel Cascade lake,2500.0,CentOS Linux 7,Linux,NVIDIA Tesla V100,20,Xeon Gold 62xx (Cascade Lake),Apollo 2000,HPE Apollo,Omnipath,Intel Omni-Path,North America,"48,296",179603
133,134,325,CLAIX (2018),"INTEL-HNS2600BPB, Xeon Platinum 8160  24C 2.1GHz, Intel Omni-Path",Universitaet Aachen/RWTH - IT Center,NEC,Germany,2018,Academic,61200,,2483.58,4112.64,692.05,Submitted,3.59,,1.0,,,,Cluster,Xeon Platinum 8160  24C 2.1GHz,Intel Skylake,2100.0,CentOS,Linux,None,24,Xeon Platinum (Skylake),INTEL-HNS2600BPB,NEC Cluster,Omnipath,Intel Omni-Path,Europe,"50,675",179682
134,135,319,PAI-BSystem,"Sugon TC4600LP/W740I, Xeon Gold 6142 16C 2.6GHz, Infiniband EDR, NVIDIA Tesla P100",China Meteorological Administration,Sugon,China,2018,Research,50816,"2,688",2547.0,4229.85,710.0,Submitted,3.59,,,,,,Cluster,Xeon Gold 6142 16C 2.6GHz,Intel Skylake,2600.0,RHEL 7.3,Linux,NVIDIA Tesla P100,16,Xeon Gold (Skylake),Sugon TC4600LP,Sugon Cluster,Infiniband,Infiniband EDR,Asia,"47,551",179440
135,136,48,Cori,"Cray XC40, Intel Xeon Phi 7250 68C 1.4GHz, Aries interconnect ",DOE/SC/LBNL/NERSC,HPE,United States,2016,Research,622336,,14014.7,27880.65,3939.0,Submitted,3.56,,,,,,MPP,Intel Xeon Phi 7250 68C 1.4GHz,Intel Xeon Phi,1400.0,Cray Linux Environment ,Linux,None,68,Intel Xeon Phi,Cray XC40,Cray XC,Custom Interconnect,Aries interconnect ,North America,"48,429",178924
136,137,139,CRONOS,"BullSequana X, Xeon Platinum 8260 24C 2.4GHz, Infiniband HDR",EDF,Atos,France,2020,Industry,81600,,4299.33,7136.87,1225.53,Submitted,3.51,,1.0,,,,Cluster,Xeon Platinum 8260 24C 2.4GHz,Intel Cascade lake,2400.0,Linux,Linux,None,24,Xeon Platinum 82xx (Cascade Lake),BullSequana X,BullSequana,Infiniband,Infiniband HDR,Europe,"50,679",179899
137,138,453,,"Sugon TC6000, Xeon Gold 6140 18C 2.3GHz, 10G Ethernet",Telecom Company,Sugon,China,2019,Industry,55440,,2026.0,4080.38,590.0,Submitted,3.43,,,,,,Cluster,Xeon Gold 6140 18C 2.3GHz,Intel Skylake,2300.0,CentOS,Linux,None,18,Xeon Gold (Skylake),Sugon TC6000,Sugon Cluster,Gigabit Ethernet,10G Ethernet,Asia,"50,591",179785
138,139,112,COBRA,"Intel Compute Module HNS2600BP, Xeon Gold 6148 20C 2.4GHz, Intel Omni-Path",Max-Planck-Gesellschaft MPI/IPP,Intel,Germany,2018,Research,127520,,5612.83,9793.54,1635.0,Submitted,3.43,,1.0,,,,Cluster,Xeon Gold 6148 20C 2.4GHz,Intel Skylake,2400.0,SUSE Linux Enterprise Server 12 SP1,Linux,None,20,Xeon Gold (Skylake),Intel Compute Module HNS2600BP,Intel Cluster,Omnipath,Intel Omni-Path,Europe,"48,331",179423
139,140,482,,"Sugon TC6000, Xeon Gold 6140 18C 2.3GHz, 10G Ethernet",State Grid Corp,Sugon,China,2019,Industry,53280,,1952.0,3921.41,570.0,Submitted,3.42,,,,,,Cluster,Xeon Gold 6140 18C 2.3GHz,Intel Skylake,2300.0,CentOS,Linux,None,18,Xeon Gold (Skylake),Sugon TC6000,Sugon Cluster,Gigabit Ethernet,10G Ethernet,Asia,"50,610",179786
140,141,10,Tianhe-2A,"TH-IVB-FEP Cluster, Intel Xeon E5-2692v2 12C 2.2GHz, TH Express-2, Matrix-2000",National Super Computer Center in Guangzhou,NUDT,China,2018,Research,4981760,"4,554,752",61444.5,100678.66,18482.0,Submitted,3.32,,1.0,,,,Cluster,Intel Xeon E5-2692v2 12C 2.2GHz,Intel IvyBridge,2200.0,Kylin Linux,Linux,Matrix-2000,12,Intel Xeon E5 (IvyBridge),TH-IVB-FEP Cluster,TH-IVB Cluster,Custom Interconnect,TH Express-2,Asia,"50,365",177999
141,142,306,Cedar (CPU),"PowerEdge C6420, Xeon Platinum 8160  24C 2.1GHz, Intel Omni-Path",Simon Fraser University/Compute Canada,ACTION,Canada,2020,Academic,67584,,2607.98,4895.54,792.0,Submitted,3.29,,1.0,,,,Cluster,Xeon Platinum 8260 24C 2.4GHz,Intel Cascade lake,2400.0,CentOS,Linux,None,24,Xeon Platinum 82xx (Cascade Lake),PowerEdge C6420,Dell PowerEdge Cluster,Omnipath,Intel Omni-Path,North America,"50,722",179858
142,143,333,PAI-ASystem,"Sugon TC4600, Xeon Gold 6142 16C 2.6GHz, Infiniband EDR",China Meteorological Administration,Sugon,China,2017,Research,48128,,2435.0,4004.25,740.0,Submitted,3.29,,,,,,Cluster,Xeon Gold 6142 16C 2.6GHz,Intel Skylake,2600.0,Linux,Linux,None,16,Xeon Gold (Skylake),Sugon TC4600,Sugon Cluster,Infiniband,Infiniband EDR,Asia,"47,551",179425
143,144,114,Electra,"HPE SGI 8600/SGI ICE-X, E5-2680V4/ Xeon Gold 6148 20C 2.4GHz, Infiniband EDR/FDR-56 IB",NASA/Ames Research Center/NAS,HPE,United States,2018,Research,124416,,5444.64,8316.52,1685.73,Submitted,3.23,,1.0,,,,Cluster,Xeon Gold 6148 20C 2.4GHz,Intel Skylake,2400.0,SLES12 SP2,Linux,None,20,Xeon Gold (Skylake),HPE SGI 8600,HPE SGI 8600,Infiniband,Infiniband EDR,North America,"48,408",179589
144,145,485,,"Sugon TC6000, Xeon Gold 6130 16C 2.1GHz, 25G Ethernet",IT Service Provider,Sugon,China,2019,Industry,58112,,1934.0,3905.13,630.0,Submitted,3.07,,,,,,Cluster,Xeon Gold 6130 16C 2.1GHz,Intel Skylake,2100.0,CentOS,Linux,None,16,Xeon Gold (Skylake),Sugon TC6000,Sugon Cluster,Gigabit Ethernet,25G Ethernet,Asia,"50,741",179736
145,146,495,,"Sugon TC6000, Xeon Gold 6130 16C 2.1GHz, 25G Ethernet",Internet Company,Sugon,China,2019,Industry,56800,,1896.0,3816.96,625.0,Submitted,3.03,,,,,,Cluster,Xeon Gold 6130 16C 2.1GHz,Intel Skylake,2100.0,CentOS,Linux,None,16,Xeon Gold (Skylake),Sugon TC6000,Sugon Cluster,Gigabit Ethernet,25G Ethernet,Asia,"50,761",179737
146,147,493,,"Sugon TC6000, Xeon Gold 6132 14C 2.6GHz, 25G Ethernet",DJIT Company,Sugon,China,2019,Industry,46200,,1901.0,3843.84,630.0,Submitted,3.02,,,,,,Cluster,Xeon Gold 6132 14C 2.6GHz,Intel Skylake,2600.0,CentOS,Linux,None,14,Xeon Gold (Skylake),Sugon TC6000,Sugon Cluster,Gigabit Ethernet,25G Ethernet,Asia,"50,787",179734
147,148,480,,"Sugon TC6000, Xeon Gold 6132 14C 2.6GHz, 25G Ethernet",Telecom Company,Sugon,China,2019,Industry,47600,,1955.0,3960.32,650.0,Submitted,3.01,,,,,,Cluster,Xeon Gold 6132 14C 2.6GHz,Intel Skylake,2600.0,CentOS,Linux,None,14,Xeon Gold (Skylake),Sugon TC6000,Sugon Cluster,Gigabit Ethernet,25G Ethernet,Asia,"50,591",179784
148,149,477,Mogon II,"NEC Cluster, Xeon Gold 6130 16C 2.1GHz, MEGWARE MiriQuid Xeon E5-2630v4, Intel Omni-Path",Universitaet Mainz,NEC/MEGWARE,Germany,2017,Academic,49432,,1967.81,2800.87,657.0,Submitted,3.0,,2.0,,,,Cluster,Xeon Gold 6130 16C 2.1GHz,Intel Skylake,2100.0,CentOS,Linux,None,16,Xeon Gold (Skylake),NEC Cluster,NEC Cluster,Omnipath,Intel Omni-Path,Europe,"49,102",178930
149,150,470,bsystem,"Sugon TC6000, Xeon Gold 6130 16C 2.1GHz, 25G Ethernet",Internet Company,Sugon,China,2019,Industry,60800,,1976.0,4085.76,660.0,Submitted,2.99,,,,,,Cluster,Xeon Gold 6130 16C 2.1GHz,Intel Skylake,2100.0,CentOS,Linux,None,16,Xeon Gold (Skylake),Sugon TC6000,Sugon Cluster,Gigabit Ethernet,25G Ethernet,Asia,"50,743",179671
150,151,398,,"Sugon TC6000, Xeon Gold 6130 16C 2.1GHz, 25G Ethernet",Internet Company,Sugon,China,2019,Industry,67200,,2192.0,4515.84,740.0,Submitted,2.96,,,,,,Cluster,Xeon Gold 6130 16C 2.1GHz,Intel Skylake,2100.0,CentOS,Linux,None,16,Xeon Gold (Skylake),Sugon TC6000,Sugon Cluster,Gigabit Ethernet,25G Ethernet,Asia,"50,743",179672
151,152,332,Centennial,"SGI ICE XA, Xeon E5-2698v4 20C 2.2GHz, Infiniband EDR",US Army Research Laboratory (ARL),HPE,United States,2017,Research,73920,,2443.7,2601.98,835.0,Submitted,2.93,,,,,,Cluster,Xeon E5-2698v4 20C 2.2GHz,Intel Broadwell,2200.0,RHEL 7.2,Linux,None,20,Intel Xeon E5 (Broadwell),SGI ICE XA,SGI ICE,Infiniband,Infiniband EDR,North America,"49,039",179105
152,153,202,Damson,"Bull Sequana X1000, Xeon E5-2697v4 18C 2.3GHz, Infiniband EDR",AWE,Atos,United Kingdom,2017,Research,113832,,3243.41,3791.58,1134.0,Submitted,2.86,,2.0,,,,Cluster,Xeon E5-2697v4 18C 2.3GHz,Intel Broadwell,2300.0,bullx SCS,Linux,None,18,Intel Xeon E5 (Broadwell),BullSequana X1000,BullSequana,Infiniband,Infiniband EDR,Europe,"47,363",179409
153,154,169,Pratyush,"Cray XC40, Xeon E5-2695v4 18C 2.1GHz, Aries interconnect ",Indian Institute of Tropical Meteorology,HPE,India,2018,Research,119232,,3763.94,4006.2,1353.23,Submitted,2.78,,,,,,MPP,Xeon E5-2695v4 18C 2.1GHz,Intel Broadwell,2100.0,Cray Linux Environment ,Linux,None,18,Intel Xeon E5 (Broadwell),Cray XC40,Cray XC,Custom Interconnect,Aries interconnect ,Asia,"50,296",179416
154,155,128,Cheyenne,"SGI ICE XA, Xeon E5-2697v4 18C 2.3GHz, Infiniband EDR",National Center for Atmospheric Research (NCAR),HPE,United States,2016,Research,144900,,4788.19,5332.32,1727.0,Submitted,2.77,,,,,,Cluster,Xeon E5-2697v4 18C 2.3GHz,Intel Broadwell,2300.0,SUSE Linux Enterprise Server 12 SP1,Linux,None,18,Intel Xeon E5 (Broadwell),SGI ICE XA,SGI ICE,Infiniband,Infiniband EDR,North America,"48,418",178965
155,156,240,Mistral,"bullx DLC 720, Xeon E5-2680v3 12C 2.5GHz/E5-2695V4 18C  2.1Ghz, Infiniband FDR",DKRZ - Deutsches Klimarechenzentrum,Atos,Germany,2015,Research,99072,,3010.68,3962.88,1116.0,Submitted,2.7,,,,,,Cluster,Xeon E5-2680v3 12C 2.5GHz,Intel Haswell,2500.0,Bullx Linux,Linux,None,12,Intel Xeon E5 (Haswell),bullx DLC 720,Bull Bullx,Infiniband,Infiniband FDR,Europe,"47,642",178567
156,157,316,Mihir,"Cray XC40, Xeon E5-2695v4 18C 2.1GHz, Aries interconnect ",National Centre for Medium Range Weather Forecasting,HPE,India,2018,Research,83592,,2570.4,2808.69,954.73,Submitted,2.69,,,,,,MPP,Xeon E5-2695v4 18C 2.1GHz,Intel Broadwell,2100.0,Cray Linux Environment ,Linux,None,18,Intel Xeon E5 (Broadwell),Cray XC40,Cray XC,Custom Interconnect,Aries interconnect ,Asia,"50,235",179418
157,158,29,Trinity,"Cray XC40, Xeon E5-2698v3 16C 2.3GHz, Intel Xeon Phi 7250 68C 1.4GHz, Aries interconnect",DOE/NNSA/LANL/SNL,HPE,United States,2017,Research,979072,,20158.7,41461.15,7578.1,Submitted,2.66,,,,,,MPP,Intel Xeon Phi 7250 68C 1.4GHz,Intel Xeon Phi,1400.0,Cray Linux Environment ,Linux,None,68,Intel Xeon Phi,Cray XC40,Cray XC,Custom Interconnect,Aries interconnect ,North America,"50,334",178610
158,159,491,,"Huawei 2288H V5, Xeon Gold 6150 18C 2.7GHz, 10G Ethernet",Energy Company,xFusion,China,2018,Industry,49680,,1914.38,4292.35,732.78,Submitted,2.61,,,,,,Cluster,Xeon Gold 6150 18C 2.7GHz,Intel Skylake,2700.0,Linux,Linux,None,18,Xeon Gold (Skylake),Huawei 2288H V5,Huawei Cluster,Gigabit Ethernet,10G Ethernet,Asia,"50,417",179595
159,160,206,HPC2,"iDataPlex DX360M4, Intel Xeon E5-2680v2  10C 2.8GHz, Infiniband FDR, NVIDIA K20x",Eni S.p.A.,IBM,Italy,2014,Industry,72000,"42,000",3188.0,4605.0,1227.0,Submitted,2.6,,,,,,Cluster,Intel Xeon E5-2680v2  10C 2.8GHz,Intel IvyBridge,2800.0,Linux,Linux,NVIDIA Tesla K20x,10,Intel Xeon E5 (IvyBridge),iDataPlex DX360M4,IBM iDataPlex,Infiniband,Infiniband FDR,Europe,"50,489",178425
160,161,494,Piz Daint Multicore,"Cray XC40, Xeon E5-2695v4 18C 2.1GHz, Aries interconnect ",Swiss National Supercomputing Centre (CSCS),HPE,Switzerland,2016,Research,65268,,1896.75,2193.01,732.4,Submitted,2.59,,3.0,,,,MPP,Xeon E5-2695v4 18C 2.1GHz,Intel Broadwell,2100.0,Cray Linux Environment ,Linux,None,18,Intel Xeon E5 (Broadwell),Cray XC40,Cray XC,Custom Interconnect,Aries interconnect ,Europe,"50,422",178451
161,162,180,,"Cray CS-Storm, Intel Xeon E5-2660v2 10C 2.2GHz, Infiniband FDR, Nvidia K40",Government,HPE,United States,2015,Government,72800,"62,400",3577.0,6131.84,1498.9,Submitted,2.39,,,,,,Cluster,Xeon E5-2660v2 10C 2.2GHz,Intel IvyBridge,2200.0,Linux,Linux,NVIDIA Tesla K40,10,Intel Xeon E5 (IvyBridge),Cray CS-Storm,Cray CS-Storm,Infiniband,Infiniband FDR,North America,"50,046",178519
162,163,179,,"Cray CS-Storm, Intel Xeon E5-2660v2 10C 2.2GHz, Infiniband FDR, Nvidia K40",Government,HPE,United States,2014,Government,72800,"62,400",3577.0,6131.84,1498.9,Submitted,2.39,,,,,,Cluster,Xeon E5-2660v2 10C 2.2GHz,Intel IvyBridge,2200.0,Linux,Linux,NVIDIA Tesla K40,10,Intel Xeon E5 (IvyBridge),Cray CS-Storm,Cray CS-Storm,Infiniband,Infiniband FDR,North America,"50,046",178445
163,164,155,Abel,"Cray XC30, Xeon E5-2698v3 16C 2.3GHz, Aries interconnect ",Petroleum Geo-Services,HPE,United States,2015,Industry,145920,,4042.46,5369.86,1800.0,Submitted,2.25,,,,,,MPP,Xeon E5-2698v3 16C 2.3GHz,Intel Haswell,2300.0,Cray Linux Environment ,Linux,None,16,Intel Xeon E5 (Haswell),Cray XC30,Cray XC,Custom Interconnect,Aries interconnect ,North America,"48,602",178556
164,165,163,,"Cray XC40, Xeon E5-2695v4 18C 2.1GHz, Aries interconnect ",ECMWF,HPE,United Kingdom,2016,Research,126468,,3944.68,4249.33,1897.02,Submitted,2.08,,,,,,MPP,Xeon E5-2695v4 18C 2.1GHz,Intel Broadwell,2100.0,Cray Linux Environment ,Linux,None,18,Intel Xeon E5 (Broadwell),Cray XC40,Cray XC,Custom Interconnect,Aries interconnect ,Europe,"47,752",178749
165,166,162,,"Cray XC40, Xeon E5-2695v4 18C 2.1GHz, Aries interconnect ",ECMWF,HPE,United Kingdom,2016,Research,126468,,3944.68,4249.33,1897.02,Submitted,2.08,,,,,,MPP,Xeon E5-2695v4 18C 2.1GHz,Intel Broadwell,2100.0,Cray Linux Environment ,Linux,None,18,Intel Xeon E5 (Broadwell),Cray XC40,Cray XC,Custom Interconnect,Aries interconnect ,Europe,"47,752",178431
166,167,270,,"Cray XC40, Xeon E5-2695v4 18C 2.1GHz, Aries interconnect ",United Kingdom Meteorological Office,HPE,United Kingdom,2016,Research,89856,,2801.78,3019.16,1347.84,Submitted,2.08,,,,,,MPP,Xeon E5-2695v4 18C 2.1GHz,Intel Broadwell,2100.0,Cray Linux Environment ,Linux,None,18,Intel Xeon E5 (Broadwell),Cray XC40,Cray XC,Custom Interconnect,Aries interconnect ,Europe,"49,064",178752
167,168,269,,"Cray XC40, Xeon E5-2695v4 18C 2.1GHz, Aries interconnect ",United Kingdom Meteorological Office,HPE,United Kingdom,2016,Research,89856,,2801.78,3019.16,1347.84,Submitted,2.08,,,,,,MPP,Xeon E5-2695v4 18C 2.1GHz,Intel Broadwell,2100.0,Cray Linux Environment ,Linux,None,18,Intel Xeon E5 (Broadwell),Cray XC40,Cray XC,Custom Interconnect,Aries interconnect ,Europe,"49,064",178751
168,169,445,Tianhe-2 LvLiang Solution,"Tianhe-2 LvLiang, Intel Xeon E5-2692v2 12C 2.2GHz, TH Express-2, Intel Xeon Phi 31S1P",LvLiang Cloud Computing Center,NUDT,China,2014,Industry,174720,"153,216",2071.39,3074.53,997.0,Submitted,2.08,,,,,,Cluster,Intel Xeon E5-2692v2 12C 2.2GHz,Intel IvyBridge,2200.0,Kylin Linux,Linux,Intel Xeon Phi 31S1P,12,Intel Xeon E5 (IvyBridge),Tianhe-2 LvLiang,Tianhe-2 LvLiang,Custom Interconnect,TH Express-2,Asia,"50,546",178464
169,170,393,Makman-2,"Dell PowerEdge R630, Xeon E5-2680v3 12C 2.5GHz, Infiniband QDR",Saudi Aramco,DELL EMC,Saudi Arabia,2015,Industry,76032,,2249.68,3041.28,1134.0,Submitted,1.98,,,,,,Cluster,Xeon E5-2680v3 12C 2.5GHz,Intel Haswell,2500.0,Redhat Enterprise Linux 6.5,Linux,None,12,Intel Xeon E5 (Haswell),Dell PowerEdge R630,Dell PowerEdge Cluster,Infiniband,Infiniband QDR,Asia,"48,751",178606
170,171,113,Shaheen II,"Cray XC40, Xeon E5-2698v3 16C 2.3GHz, Aries interconnect ",King Abdullah University of Science and Technology,HPE,Saudi Arabia,2015,Academic,196608,,5536.99,7235.17,2834.0,Submitted,1.95,,,,,,MPP,Xeon E5-2698v3 16C 2.3GHz,Intel Haswell,2300.0,Cray Linux Environment ,Linux,None,16,Intel Xeon E5 (Haswell),Cray XC40,Cray XC,Custom Interconnect,Aries interconnect ,Asia,"50,205",178515
171,172,267,SuperMUC Phase 2,"NeXtScale nx360M5, Xeon E5-2697v3 14C 2.6GHz, Infiniband FDR14",Leibniz Rechenzentrum,Lenovo/IBM,Germany,2015,Academic,86016,,2813.62,3578.27,1480.83,Submitted,1.9,,,,,,Cluster,Xeon E5-2697v3 14C 2.6GHz,Intel Haswell,2600.0,Linux,Linux,None,14,Intel Xeon E5 (Haswell),IBM NeXtScale nx360M5,NeXtScale,Infiniband,Infiniband FDR14,Europe,"48,248",178544
172,173,320,cascade,"Atipa Visione IF442 Blade Server, Xeon E5-2670 8C 2.600GHz, Infiniband FDR, Intel Xeon Phi 5110P",DOE/SC/Pacific Northwest National Laboratory,Atipa,United States,2013,Research,194616,"171,720",2539.13,3388.03,1384.0,Submitted,1.83,,,,,,Cluster,Xeon E5-2670 8C 2.6GHz,Intel SandyBridge,2600.0,Linux,Linux,Intel Xeon Phi 5110P,8,Intel Xeon E5 (SandyBridge),Atipa Visione IF442 Blade Server,Atipa Cluster,Infiniband,Infiniband FDR,North America,"48,611",178250
173,174,322,occigen2,"bullx DLC 720, Xeon E5-2690v4 14C 2.6GHz, Infiniband FDR",Grand Equipement National de Calcul Intensif - Centre Informatique National de l'Enseignement Suprieur (GENCI-CINES),Atos,France,2016,Academic,85824,,2494.65,3570.28,1430.0,Submitted,1.74,,,,,,Cluster,Xeon E5-2690v4 14C 2.6GHz,Intel Broadwell,2600.0,bullx SCS,Linux,None,14,Intel Xeon E5 (Broadwell),bullx DLC 720,Bull Bullx,Infiniband,Infiniband FDR,Europe,"50,203",179092
174,175,324,Excalibur,"Cray XC40, Xeon E5-2698v3 16C 2.3GHz, Aries interconnect ",Army Research Laboratory DoD Supercomputing Resource Center (ARL DSRC),HPE,United States,2014,Government,100064,,2485.0,3682.36,1465.78,Submitted,1.7,,,,,,MPP,Xeon E5-2698v3 16C 2.3GHz,Intel Haswell,2300.0,Cray Linux Environment ,Linux,None,16,Intel Xeon E5 (Haswell),Cray XC40,Cray XC,Custom Interconnect,Aries interconnect ,North America,"50,423",178447
175,176,464,TTSystem,"Sugon TC6000, Xeon E5-2630v4 10C 2.2GHz, 10G Ethernet",Internet Service (B),Sugon,China,2018,Industry,116600,,1997.0,4104.32,1200.0,Submitted,1.66,,,,,,Cluster,Xeon E5-2630v4 10C 2.2GHz,Intel Broadwell,2200.0,CentOS,Linux,None,10,Intel Xeon E5 (Broadwell),Sugon TC6000,Sugon Cluster,Gigabit Ethernet,10G Ethernet,Asia,"50,330",179544
176,177,468,HKVDPSystem,"Sugon TC6000, Xeon E5-2620v4 8C 2.1GHz, 10G Ethernet",IT Service Provider,Sugon,China,2018,Industry,121920,,1979.0,4096.51,1216.0,Submitted,1.63,,,,,,Cluster,Xeon E5-2620v4 8C 2.1GHz,Intel Broadwell,2100.0,Linux,Linux,None,8,Intel Xeon E5 (Broadwell),Sugon TC6000,Sugon Cluster,Gigabit Ethernet,10G Ethernet,Asia,"50,710",179679
177,178,469,HKVDPSystem,"Sugon TC6000, Xeon E5-2620v4 8C 2.1GHz, 10G Ethernet",Internet Company,Sugon,China,2018,Industry,121920,,1979.0,4096.51,1216.0,Submitted,1.63,,,,,,Cluster,Xeon E5-2620v4 8C 2.1GHz,Intel Broadwell,2100.0,Linux,Linux,None,8,Intel Xeon E5 (Broadwell),Sugon TC6000,Sugon Cluster,Gigabit Ethernet,10G Ethernet,Asia,"50,707",179532
178,179,459,,"Sugon TC6000, Xeon Gold 5118 12C 2.3GHz, 10G Ethernet",Internet Company,Sugon,China,2019,Industry,110880,,2007.0,8160.77,1470.0,Submitted,1.37,,,,,,Cluster,Xeon Gold 5118 12C 2.3GHz,Intel Skylake,2300.0,Linux,Linux,None,12,Xeon Gold (Skylake),Sugon TC6000,Sugon Cluster,Gigabit Ethernet,10G Ethernet,Asia,"50,743",179677
179,180,106,Pleiades,"SGI ICE X, Intel Xeon E5-2670/E5-2680v2/E5-2680v3/E5-2680v4  2.6/2.8/2.5/2.4 GHz, Infiniband FDR",NASA/Ames Research Center/NAS,HPE,United States,2016,Research,241108,,5951.55,7107.15,4407.0,Submitted,1.35,,1.0,,,,Cluster,Intel Xeon E5-2680v2  10C 2.8GHz,Intel IvyBridge,2800.0,SUSE Linux Enterprise Server 11,Linux,None,10,Intel Xeon E5 (IvyBridge),SGI ICE X,SGI ICE,Infiniband,Infiniband FDR,North America,"48,408",177259
180,181,409,,"Sugon TC6000, Xeon Gold 5118 12C 2.3GHz, 10G Ethernet",Internet Company,Sugon,China,2019,Industry,121920,,2152.0,8973.31,1625.0,Submitted,1.32,,,,,,Cluster,Xeon Gold 5118 12C 2.3GHz,Intel Skylake,2300.0,Linux,Linux,None,12,Xeon Gold (Skylake),Sugon TC6000,Sugon Cluster,Gigabit Ethernet,10G Ethernet,Asia,"50,743",179678
181,182,119,Pangea,"SGI ICE X, Xeon Xeon E5-2670/ E5-2680v3 12C 2.5GHz, Infiniband FDR",Total Exploration Production,HPE,France,2013,Industry,220800,,5283.11,6712.32,4150.0,Submitted,1.27,,1.0,,,,Cluster,Xeon E5-2680v3 12C 2.5GHz,Intel Haswell,2500.0,SUSE Linux Enterprise Server 11,Linux,None,12,Intel Xeon E5 (Haswell),SGI ICE X,SGI ICE,Infiniband,Infiniband FDR,Europe,"49,546",178071
182,183,228,Thunder,"SGI ICE X, Xeon E5-2699v3/E5-2697 v3, Infiniband FDR, NVIDIA Tesla K40, Intel Xeon Phi 7120P",Air Force Research Laboratory,HPE,United States,2015,Government,152692,"27,056",3126.24,5610.48,4819.5,Submitted,0.65,,,,,,Cluster,Xeon E5-2699v3 18C 2.3GHz,Intel Haswell,2300.0,SUSE Linux Enterprise Server 11,Linux,NVIDIA Tesla K40/Intel Xeon Phi 7120P,18,Intel Xeon E5 (Haswell),SGI ICE X,SGI ICE,Infiniband,Infiniband FDR,North America,"49,284",178524
183,184,199,Topaz,"SGI ICE X, Xeon E5-2699v3 18C 2.3GHz, Infiniband FDR",ERDC DSRC,HPE,United States,2015,Research,124200,,3318.95,4570.56,5175.0,Submitted,0.64,,,,,,Cluster,Xeon E5-2699v3 18C 2.3GHz,Intel Haswell,2300.0,SUSE Linux Enterprise Server 11,Linux,None,18,Intel Xeon E5 (Haswell),SGI ICE X,SGI ICE,Infiniband,Infiniband FDR,North America,"47,771",178523
184,185,317,Tianhe-1A,"NUDT YH MPP, Xeon X5670 6C 2.93 GHz, NVIDIA 2050",National Supercomputing Center in Tianjin,NUDT,China,2010,Research,186368,"100,352",2566.0,4701.0,4040.0,Submitted,0.64,,,,,,MPP,Xeon X5670 6C 2.93GHz,Intel Nehalem,2930.0,Linux,Linux,NVIDIA 2050,6,Xeon 5600-series (Westmere-EP),NUDT YH MPP,NUDT MPP,Proprietary Network,Proprietary,Asia,"50,310",176929
185,186,217,,"Cray XC30, Intel Xeon E5-2697v2 12C 2.7GHz, Aries interconnect ",Government,HPE,United States,2014,Government,225984,,3143.52,4881.25,6327.55,Submitted,0.5,,,,,,MPP,Intel Xeon E5-2697v2 12C 2.7GHz,Intel IvyBridge,2700.0,Cray Linux Environment ,Linux,None,12,Intel Xeon E5 (IvyBridge),Cray XC30,Cray XC,Custom Interconnect,Aries interconnect ,North America,"50,046",178432
186,187,296,LLNL/NNSA CTS-1 Jade,"Tundra Extreme Scale, Xeon E5-2695v4 18C 2.1GHz, Intel Omni-Path",Lawrence Livermore National Laboratory,Penguin Computing,United States,2016,Research,95472,,2632.51,3207.86,13620.0,Submitted,0.19,,3.0,,,,Cluster,Xeon E5-2695v4 18C 2.1GHz,Intel Broadwell,2100.0,Linux/TOSS,Linux,None,18,Intel Xeon E5 (Broadwell),Tundra Extreme Scale,Penguin Computing Cluster,Omnipath,Intel Omni-Path,North America,"48,247",178969
187,188,297,LLNL CTS-1 Quartz,"Tundra Extreme Scale, Xeon E5-2695v4 18C 2.1GHz, Intel Omni-Path",Lawrence Livermore National Laboratory,Penguin Computing,United States,2016,Research,95472,,2632.51,3207.86,13620.0,Submitted,0.19,,3.0,,,,Cluster,Xeon E5-2695v4 18C 2.1GHz,Intel Broadwell,2100.0,Linux/TOSS,Linux,None,18,Intel Xeon E5 (Broadwell),Tundra Extreme Scale,Penguin Computing Cluster,Omnipath,Intel Omni-Path,North America,"48,247",178971
