,Rank,Previous Rank,First Appearance,First Rank,Name,Computer,Site,Manufacturer,Country,Year,Segment,Total Cores,Accelerator/Co-Processor Cores,Rmax [TFlop/s],Rpeak [TFlop/s],Nmax,Nhalf,HPCG [TFlop/s],Power (kW),Power Source,Power Efficiency [GFlops/Watts],Memory,Architecture,Processor,Processor Technology,Processor Speed (MHz),Operating System,OS Family,Accelerator/Co-Processor,Cores per Socket,Processor Generation,System Model,System Family,Interconnect Family,Interconnect,Continent,Site ID,System ID
0,1,1.0,55,1,Supercomputer Fugaku,"Supercomputer Fugaku, A64FX 48C 2.2GHz, Tofu interconnect D",RIKEN Center for Computational Science,Fujitsu,Japan,2020,Research,7630848,,442010.0,537212.0,"21,288,960",,"16,004.50",29899.23,Submitted,14.78,,MPP,A64FX 48C 2.2GHz,Fujitsu ARM,2200.0,Red Hat Enterprise Linux,Linux,None,48,Fujitsu A64FX,Supercomputer Fugaku,Fujitsu Cluster,Proprietary Network,Tofu interconnect D,Asia,"50,831",179807
1,2,2.0,51,1,Summit,"IBM Power System AC922, IBM POWER9 22C 3.07GHz, NVIDIA Volta GV100, Dual-rail Mellanox EDR Infiniband",DOE/SC/Oak Ridge National Laboratory,IBM,United States,2018,Research,2414592,"2,211,840",148600.0,200794.88,"16,473,600",,"2,925.75",10096.0,Submitted,14.72,,Cluster,IBM POWER9 22C 3.07GHz,Power,3070.0,RHEL 7.4,Linux,NVIDIA Volta GV100,22,IBM POWER9,IBM Power System AC922, IBM Power Systems,Infiniband,Dual-rail Mellanox EDR Infiniband,North America,"48,553",179397
2,3,3.0,51,3,Sierra,"IBM Power System AC922, IBM POWER9 22C 3.1GHz, NVIDIA Volta GV100, Dual-rail Mellanox EDR Infiniband",DOE/NNSA/LLNL,IBM / NVIDIA / Mellanox,United States,2018,Research,1572480,"1,382,400",94640.0,125712.0,"11,902,464",,"1,795.67",7438.28,Submitted,12.72,,Cluster,IBM POWER9 22C 3.1GHz,Power,3100.0,Red Hat Enterprise Linux,Linux,NVIDIA Volta GV100,22,IBM POWER9,IBM Power System AC922, IBM Power Systems,Infiniband,Dual-rail Mellanox EDR Infiniband,North America,"49,763",179398
3,4,4.0,47,1,Sunway TaihuLight,"Sunway MPP, Sunway SW26010 260C 1.45GHz, Sunway",National Supercomputing Center in Wuxi,NRCPC,China,2016,Research,10649600,,93014.59,125435.9,"12,288,000",,480.85,15371.0,Submitted,6.05,,MPP,Sunway SW26010 260C 1.45GHz,ShenWei,1450.0,Sunway RaiseOS 2.0.5,Linux,None,260,Sunway,Sunway MPP,Sunway Cluster,Custom Interconnect,Sunway,Asia,"50,623",178764
4,5,5.0,57,5,Perlmutter,"HPE Cray EX235n, AMD EPYC 7763 64C 2.45GHz, NVIDIA A100 SXM4 40 GB, Slingshot-10",DOE/SC/LBNL/NERSC,HPE,United States,2021,Research,761856,"663,552",70870.0,93750.0,"5,566,464",,"1,905.44",2589.0,Submitted,27.37,,MPP,AMD EPYC 7763 64C 2.45GHz,AMD Zen-3 (Milan),2450.0,HPE Cray OS,Linux,NVIDIA A100 SXM4 40 GB,64,AMD Milan,HPE Cray EX235n,HPE Cray EX,Gigabit Ethernet,Slingshot-10,North America,"48,429",179972
5,6,6.0,55,7,Selene,"NVIDIA DGX A100, AMD EPYC 7742 64C 2.25GHz, NVIDIA A100, Mellanox HDR Infiniband",NVIDIA Corporation,Nvidia,United States,2020,Vendor,555520,"483,840",63460.0,79215.0,"6,598,656",,"1,622.51",2646.0,Submitted,23.98,,Cluster,AMD EPYC 7742 64C 2.25GHz,AMD Zen-2 (Rome),2250.0,Ubuntu 20.04.1 LTS,Linux,NVIDIA A100,64,AMD Rome,NVIDIA DGX A100,NVIDIA DGX,Infiniband,Mellanox HDR Infiniband,North America,"48,448",179842
6,7,7.0,41,1,Tianhe-2A,"TH-IVB-FEP Cluster, Intel Xeon E5-2692v2 12C 2.2GHz, TH Express-2, Matrix-2000",National Super Computer Center in Guangzhou,NUDT,China,2018,Research,4981760,"4,554,752",61444.5,100678.66,"9,773,000",,,18482.0,Submitted,3.32,,Cluster,Intel Xeon E5-2692v2 12C 2.2GHz,Intel IvyBridge,2200.0,Kylin Linux,Linux,Matrix-2000,12,Intel Xeon E5 (IvyBridge),TH-IVB-FEP Cluster,TH-IVB Cluster,Custom Interconnect,TH Express-2,Asia,"50,365",177999
7,8,8.0,56,7,JUWELS Booster Module,"Bull Sequana XH2000 , AMD EPYC 7402 24C 2.8GHz, NVIDIA A100, Mellanox HDR InfiniBand/ParTec ParaStation ClusterSuite",Forschungszentrum Juelich (FZJ),Atos,Germany,2020,Research,449280,"404,352",44120.0,70980.0,"4,315,584",,"1,275.36",1764.22,Submitted,25.01,,Cluster,AMD EPYC 7402 24C 2.8GHz,AMD Zen-2 (Rome),2800.0,CentOS,Linux,NVIDIA A100,24,AMD Rome,BullSequana XH2000,BullSequana,Infiniband,Mellanox HDR InfiniBand/ParTec ParaStation ClusterSuite,Europe,"47,871",179894
8,9,9.0,55,6,HPC5,"PowerEdge C4140, Xeon Gold 6252 24C 2.1GHz, NVIDIA Tesla V100, Mellanox HDR Infiniband",Eni S.p.A.,DELL EMC,Italy,2020,Industry,669760,"582,400",35450.0,51720.76,"5,750,784",,860.32,2252.17,Submitted,15.74,,Cluster,Xeon Gold 6252 24C 2.1GHz,Intel Cascade lake,2100.0,CentOS Linux 7,Linux,NVIDIA Tesla V100,24,Xeon Gold 62xx (Cascade Lake),PowerEdge C4140,Dell PowerEdge Cluster,Infiniband,Mellanox HDR Infiniband,Europe,"50,489",179856
13,14,,58,14,CEA-HF,"BullSequana XH2000, AMD EPYC 7763 64C 2.45GHz, Atos BXI V2",Commissariat a l'Energie Atomique (CEA),Atos,France,2021,Research,810240,,23237.6,31761.4,"12,153,600",,340.84,4959.47,Submitted,4.69,,Cluster,AMD EPYC 7763 64C 2.45GHz,AMD Zen-3 (Milan),2450.0,Linux,Linux,None,64,AMD Milan,BullSequana XH2000,BullSequana,Custom Interconnect,Atos BXI V2,Europe,"47,593",180031
15,16,12.0,57,12,ABCI 2.0,"PRIMERGY GX2570 M6, Xeon Platinum 8360Y 36C 2.4GHz, NVIDIA A100 SXM4 40 GB, Infiniband HDR",National Institute of Advanced Industrial Science and Technology (AIST),Fujitsu,Japan,2021,Research,504000,"451,840",22208.72,54340.99,"3,435,000",,,1600.32,Submitted,13.88,,Cluster,Xeon Gold 6148 20C 2.4GHz,Intel Skylake,2400.0,Linux,Linux,NVIDIA Tesla V100 SXM2,20,Xeon Gold,PRIMERGY GX2570 M6,Fujitsu PRIMERGY,Infiniband,Infiniband EDR,Asia,"50,762",179954
16,17,13.0,57,13,Wisteria/BDEC-01 (Odyssey),"PRIMEHPC FX1000, A64FX 48C 2.2GHz, Tofu interconnect D","Information Technology Center, The University of Tokyo",Fujitsu,Japan,2021,Academic,368640,,22121.0,25952.26,"4,853,760",,817.58,1468.0,Submitted,15.07,,Cluster,A64FX 48C 2.2GHz,Fujitsu ARM,2200.0,Red Hat Enterprise Linux,Linux,None,48,Fujitsu A64FX,PRIMEHPC FX1000,Fujitsu PRIMEHPC,Proprietary Network,Tofu interconnect D,Asia,"50,096",179962
17,18,14.0,55,9,Marconi-100,"IBM Power System AC922, IBM POWER9 16C 3GHz, Nvidia Volta V100, Dual-rail Mellanox EDR Infiniband",CINECA,IBM,Italy,2019,Academic,347776,"316,160",21640.0,29354.0,"2,722,137",,498.43,1476.0,Submitted,14.66,,Cluster,IBM POWER9 16C 3GHz,Power,3000.0,RHEL 7.6,Linux,Nvidia Volta V100,16,IBM POWER9,IBM Power System AC922, IBM Power Systems,Infiniband,Dual-rail Mellanox EDR Infiniband,Europe,"47,495",179845
19,20,15.0,40,114,Piz Daint,"Cray XC50, Xeon E5-2690v3 12C 2.6GHz, Aries interconnect , NVIDIA Tesla P100",Swiss National Supercomputing Centre (CSCS),HPE,Switzerland,2017,Research,387872,"319,424",21230.0,27154.3,"3,743,232",,496.98,2384.24,Submitted,8.9,,MPP,Xeon E5-2690v3 12C 2.6GHz,Intel Haswell,2600.0,Cray Linux Environment ,Linux,NVIDIA Tesla P100,12,Intel Xeon E5 (Haswell),Cray XC50,Cray XC,Custom Interconnect,Aries interconnect ,Europe,"50,422",177824
20,21,16.0,46,6,Trinity,"Cray XC40, Xeon E5-2698v3 16C 2.3GHz, Intel Xeon Phi 7250 68C 1.4GHz, Aries interconnect",DOE/NNSA/LANL/SNL,HPE,United States,2017,Research,979072,,20158.7,41461.15,"12,353,536",,546.12,7578.1,Submitted,2.66,,MPP,Intel Xeon Phi 7250 68C 1.4GHz,Intel Xeon Phi,1400.0,Cray Linux Environment ,Linux,None,68,Intel Xeon Phi,Cray XC40,Cray XC,Custom Interconnect,Aries interconnect ,North America,"50,334",178610
23,24,18.0,56,16,Hawk,"Apollo 9000, AMD EPYC 7742 64C 2.25GHz, Mellanox HDR Infiniband",HLRS - Höchstleistungsrechenzentrum Stuttgart,HPE,Germany,2020,Research,698880,,19334.0,25159.68,"9,984,000",,334.65,3905.83,Submitted,4.95,,Cluster,AMD EPYC 7742 64C 2.25GHz,AMD Zen-2 (Rome),2250.0,CentOS Linux 8.1,Linux,None,64,AMD Rome,Apollo 9000,HP Apollo,Infiniband,Mellanox HDR Infiniband,Europe,"50,543",179880
26,27,24.0,57,24,Guru,"ThinkSystem SD650 V2, Xeon Platinum 8368Q 38C 2.6GHz, Infiniband HDR",Korea Meteorological Administration,Lenovo,South Korea,2021,Government,306432,,18002.8,25495.14,"8,239,104",,,3296.0,Submitted,5.46,,Cluster,Xeon Platinum 8368Q 38C 2.6GHz,Intel Ice Lake,2600.0,Linux,Linux,None,38,Xeon® Platinum 83xx (Ice Lake),ThinkSystem SD650 V2,Lenovo ThinkSystem,Infiniband,Infiniband HDR,Asia,"50,890",179912
27,28,,58,28,Maru,"ThinkSystem SD650 V2, Xeon Platinum 8368Q 38C 2.6GHz, Infiniband HDR",Korea Meteorological Administration,Lenovo,South Korea,2021,Government,306432,,18002.8,25495.14,"8,239,104",,,3296.0,Submitted,5.46,,Cluster,Xeon Platinum 8368Q 38C 2.6GHz,Intel Ice Lake,2600.0,Linux,Linux,None,38,Xeon® Platinum 83xx (Ice Lake),ThinkSystem SD650-N V2,Lenovo ThinkSystem,Infiniband,Infiniband HDR,Asia,"50,890",180023
28,29,21.0,53,11,PANGEA III,"IBM Power System AC922, IBM POWER9 18C 3.45GHz, Dual-rail Mellanox EDR Infiniband, NVIDIA Volta GV100",Total Exploration Production,IBM,France,2019,Industry,291024,"270,720",17860.0,25025.81,"5,760,000",,,1367.0,Submitted,13.07,,Cluster,IBM POWER9 18C 3.45GHz,Power,3450.0,RHEL 7.6,Linux,NVIDIA Volta GV100,18,IBM POWER9,IBM Power System AC922, IBM Power Systems,Infiniband,Dual-rail Mellanox EDR Infiniband,Europe,"49,546",179689
29,30,22.0,57,22,HiPerGator AI,"NVIDIA DGX A100, AMD EPYC 7742 64C 2.25GHz, NVIDIA A100, Infiniband HDR",University of Florida,Nvidia,United States,2021,Academic,138880,"120,960",17200.0,21314.72,"3,450,528",,424.43,582.63,Submitted,29.52,,Cluster,AMD EPYC 7742 64C 2.25GHz,AMD Zen-2 (Rome),2250.0,Red Hat Enterprise Linux,Linux,NVIDIA A100,64,AMD Rome,NVIDIA DGX A100,NVIDIA DGX,Infiniband,Infiniband HDR,North America,"49,751",179940
36,37,30.0,48,5,Cori,"Cray XC40, Intel Xeon Phi 7250 68C 1.4GHz, Aries interconnect ",DOE/SC/LBNL/NERSC,HPE,United States,2016,Research,622336,,14014.7,27880.65,"6,984,960",,355.44,3939.0,Submitted,3.56,,MPP,Intel Xeon Phi 7250 68C 1.4GHz,Intel Xeon Phi,1400.0,Cray Linux Environment ,Linux,None,68,Intel Xeon Phi,Cray XC40,Cray XC,Custom Interconnect,Aries interconnect ,North America,"48,429",178924
38,39,32.0,48,6,Oakforest-PACS,"PRIMERGY CX1640 M1, Intel Xeon Phi 7250 68C 1.4GHz, Intel Omni-Path",Joint Center for Advanced High Performance Computing,Fujitsu,Japan,2016,Academic,556104,,13554.6,24913.46,"9,938,880",,385.48,2718.7,Submitted,4.99,,Cluster,Intel Xeon Phi 7250 68C 1.4GHz,Intel Xeon Phi,1400.0,Linux,Linux,None,68,Intel Xeon Phi,PRIMERGY CX1640 M1,Fujitsu Cluster,Omnipath,Intel Omni-Path,Asia,"50,673",178932
40,41,33.0,51,13,HPC4,"Proliant DL380 Gen10, Xeon Platinum 8160  24C 2.1GHz, Mellanox InfiniBand EDR, NVIDIA Tesla P100",Eni S.p.A.,HPE,Italy,2018,Industry,253600,"177,520",12210.0,18621.14,"5,947,392",,271.87,1320.0,Submitted,9.25,,Cluster,Xeon Platinum 8160  24C 2.1GHz,Intel Skylake,2100.0,RHEL 7.4,Linux,NVIDIA Tesla P100,24,Xeon Platinum,Proliant DL380 Gen10,HP Cluster Platform 3000,Infiniband,Mellanox InfiniBand EDR,Europe,"50,489",179444
41,42,34.0,51,14,Tera-1000-2,"Bull Sequana X1000, Intel Xeon Phi 7250 68C 1.4GHz, Bull BXI 1.2",Commissariat a l'Energie Atomique (CEA),Atos,France,2017,Research,561408,,11965.5,23396.35,"10,321,920",,333.76,3178.0,Submitted,3.77,,Cluster,Intel Xeon Phi 7250 68C 1.4GHz,Intel Xeon Phi,1400.0,bullx SCS,Linux,None,68,Intel Xeon Phi,BullSequana X1000,BullSequana,Custom Interconnect,Bull BXI 1.2,Europe,"47,593",179412
44,45,36.0,57,36,MeluXina - Accelerator Module,"BullSequana XH2000, AMD EPYC 7452 32C 2.35GHz, NVIDIA A100 40GB, Mellanox HDR InfiniBand/ParTec ParaStation ClusterSuite",LuxProvide,Atos,Luxembourg,2021,Research,99200,"86,400",10520.0,15288.0,"2,040,192",,280.03,390.25,Submitted,26.96,,Cluster,AMD EPYC 7452 32C 2.35GHz,AMD Zen-2 (Rome),2350.0,RHEL compatible,Linux,NVIDIA A100 40GB,32,AMD Rome,BullSequana XH2000,BullSequana,Infiniband,Mellanox HDR InfiniBand/ParTec ParaStation ClusterSuite,Europe,"50,882",179932
47,48,39.0,57,39,Earth Simulator -SX-Aurora TSUBASA,"SX-Aurora TSUBASA B401-8, Vector Engine Type20B 8C 1.6GHz, Infiniband HDR200",Japan Agency for Marine-Earth Science and Technology,NEC,Japan,2021,Research,43776,,9990.7,13447.99,"5,571,072",,747.80,1390.95,Submitted,7.18,,Cluster,Vector Engine Type20B 8C 1.6GHz,NEC Vector Engine,1600.0,VEOS,Linux,None,8,Vector Engine,SX-Aurora TSUBASA B401-8,SX-Aurora TSUBASA,Infiniband,Infiniband HDR200,Asia,"49,318",179927
51,52,43.0,57,43,JURECA Data Centric Module,"BullSequana XH2000, AMD EPYC 7742 64C 2.25GHz, NVIDIA A100 40GB, Mellanox HDR InfiniBand/ParTec ParaStation ClusterSuite",Forschungszentrum Juelich (FZJ),Atos,Germany,2021,Research,105840,"81,648",9330.0,14508.0,"1,928,448",,273.78,384.1,Submitted,24.29,,Cluster,AMD EPYC 7742 64C 2.25GHz,AMD Zen-2 (Rome),2250.0,CentOS,Linux,NVIDIA A100 40GB,64,AMD Rome,BullSequana XH2000,BullSequana,Infiniband,Mellanox HDR InfiniBand/ParTec ParaStation ClusterSuite,Europe,"47,871",179947
53,54,45.0,52,20,Taiwania 2,"QCT QuantaGrid D52G-4U/LC, Xeon Gold 6154 18C 3GHz, Mellanox InfiniBand EDR, NVIDIA Tesla V100 SXM2",National Center for High Performance Computing,Quanta Computer / Taiwan Fixed Network / ASUS Cloud,Taiwan,2018,Research,170352,"161,280",9000.0,15208.23,"2,862,720",,,797.54,Submitted,11.28,,Cluster,Xeon Gold 6154 18C 3GHz,Intel Skylake,3000.0,CentOS,Linux,NVIDIA Tesla V100 SXM2,18,Xeon Gold,QCT QuantaGrid D52G-4U/LC,QCT QuantaGrid,Infiniband,Mellanox InfiniBand EDR,Asia,"48,468",179590
54,55,46.0,57,46,Dragão,"Supermicro SYS-4029GP-TVRT, Xeon Gold 6230R 26C 2.1GHz, NVIDIA Tesla V100, Infiniband EDR",Petróleo Brasileiro S.A,Atos,Brazil,2021,Industry,188224,"174,080",8983.0,14006.48,"2,913,408",,,943.12,Submitted,9.52,,Cluster,Xeon Gold 6230R 26C 2.1GHz,Intel Cascade lake,2100.0,CentOS Linux 7,Linux,NVIDIA Tesla V100,26,Xeon Gold 62xx (Cascade Lake),Supermicro SYS-4029GP-TVRT,Supermicro Cluster,Infiniband,Infiniband EDR,South America,"49,587",179941
55,56,47.0,57,47,Raven-GPU,"ThinkSystem SD650-N V2, Xeon Platinum 8360Y 36C 2.4GHz, NVIDIA A100, Mellanox HDR Infiniband",Max-Planck-Gesellschaft MPI/IPP,Lenovo,Germany,2021,Research,96768,"82,944",8620.0,16031.54,"1,959,552",,,377.0,Submitted,22.86,,Cluster,Xeon Platinum 8360Y 36C 2.4GHz,Intel Ice Lake,2400.0,SUSE Linux Enterprise Server 15 SP2,Linux,NVIDIA A100,36,Xeon® Platinum 83xx (Ice Lake),ThinkSystem SD650-N V2,Lenovo ThinkSystem,Infiniband,Mellanox HDR Infiniband,Europe,"48,331",179933
56,57,48.0,54,24,AiMOS,"IBM Power System AC922, IBM POWER9 20C 3.45GHz, NVIDIA Volta GV100, Dual-rail Mellanox EDR Infiniband",Rensselaer Polytechnic Institute Center for Computational Innovations (CCI),IBM,United States,2019,Academic,130000,"120,000",8339.0,11032.03,"3,809,280",,,512.08,Submitted,16.28,,Cluster,IBM POWER9 20C 3.45GHz,Power,3450.0,RHEL 7.6,Linux,NVIDIA Volta GV100,20,IBM POWER9,IBM Power System AC922, IBM Power Systems,Infiniband,Dual-rail Mellanox EDR Infiniband,North America,"50,823",179781
57,58,49.0,56,30,Taranis,"Bull Sequana XH2000 , AMD EPYC 7742 64C 2.25GHz, Mellanox InfiniBand HDR100",Meteo France,Atos,France,2020,Research,294912,,8191.03,10321.92,"7,741,440",,,1672.0,Submitted,4.9,,Cluster,AMD EPYC 7742 64C 2.25GHz,AMD Zen-2 (Rome),2250.0,bullx SCS,Linux,None,64,AMD Rome,BullSequana XH2000,BullSequana,Infiniband,InfiniBand HDR100,Europe,"48,356",179892
58,59,50.0,49,62,TSUBAME3.0,"SGI ICE XA, IP139-SXM2, Xeon E5-2680v4 14C 2.4GHz, Intel Omni-Path, NVIDIA Tesla P100 SXM2","GSIC Center, Tokyo Institute of Technology",HPE,Japan,2017,Academic,135828,"120,736",8125.0,12127.07,"2,126,208",,188.62,792.08,Submitted,10.26,,Cluster,Xeon E5-2680v4 14C 2.4GHz,Intel Broadwell,2400.0,SUSE Linux Enterprise Server 12 SP1,Linux,NVIDIA Tesla P100 NVLink,14,Intel Xeon E5 (Broadwell),"SGI ICE XA (HPE SGI 8600), IP139-SXM2",HPE SGI 8600,Omnipath,Intel Omni-Path,Asia,"47,912",179093
60,61,52.0,57,52,HoreKa-Green,"ThinkSystem SD650 V2, Xeon Platinum 8368 38C 2.4GHz, NVIDIA A100 40GB, Mellanox HDR Infiniband",Karlsruher Institut für Technologie (KIT) ,Lenovo,Germany,2021,Academic,90932,"77,328",8025.6,15006.79,"1,915,200",,,358.79,Submitted,22.37,,Cluster,Xeon Platinum 8368 38C 2.4GHz,Intel Ice Lake,2400.0,Linux,Linux,NVIDIA A100 40GB,38,Xeon® Platinum 83xx (Ice Lake),ThinkSystem SD650 V2,Lenovo ThinkSystem,Infiniband,Mellanox HDR Infiniband,Europe,"50,444",179965
62,63,54.0,56,33,Plasma Simulator,"SX-Aurora TSUBASA A412-8, Vector Engine Type10AE 8C 1.58GHz, Infiniband HDR 200",National Institute for Fusion Science (NIFS),NEC,Japan,2020,Research,34560,,7892.7,10510.66,"5,047,920",,529.16,1550.1,Submitted,5.09,,Cluster,Vector Engine Type10AE 8C 1.58GHz,NEC Vector Engine,1584.0,VEOS,Linux,None,8,Vector Engine,SX-Aurora TSUBASA A412-8,SX-Aurora TSUBASA,Infiniband,Infiniband HDR200,Asia,"48,476",179871
63,64,55.0,55,29,Belenos,"Bull Sequana XH2000 , AMD EPYC 7742 64C 2.25GHz, Mellanox HDR100",Meteo France,Atos,France,2020,Research,294912,,7683.36,10469.38,"6,843,840",,,1655.0,Submitted,4.64,,Cluster,AMD EPYC 7742 64C 2.25GHz,AMD Zen-2 (Rome),2250.0,bullx SCS,Linux,None,64,AMD Rome,BullSequana XH2000,BullSequana,Infiniband,InfiniBand HDR100,Europe,"48,356",179853
65,66,57.0,54,26,Artemis,"NVIDIA DGX-2, Xeon Platinum 8168 24C 2.7GHz, Infiniband EDR, NVIDIA Tesla V100",Group 42,Nvidia,United Arab Emirates,2019,Industry,107568,"103,680",7257.0,9492.16,"2,304,000",,,673.0,Submitted,10.78,,Cluster,Xeon Platinum 8168 24C 2.7GHz,Intel Skylake,2700.0,Ubuntu,Linux,NVIDIA Tesla V100,24,Xeon Platinum,NVIDIA DGX-2,NVIDIA DGX,Infiniband,Infiniband EDR,Asia,"50,813",179803
68,69,59.0,54,59,JOLIOT-CURIE ROME,"Bull Sequana XH2000 , AMD Rome 7H12 64C 2.6GHz, Mellanox HDR100",CEA/TGCC-GENCI,Atos,France,2019,Research,197120,,6988.04,12039.37,"6,792,576",,,1436.0,Submitted,4.87,,Cluster,AMD Rome 7H12 64C 2.6GHz,AMD Zen-2 (Rome),2600.0,bullx SCS,Linux,None,64,AMD Rome,BullSequana XH2000,BullSequana,Infiniband,InfiniBand HDR100,Europe,"50,414",179700
70,71,,58,71,"Karolina, GPU partition","Apollo 6500, AMD EPYC 7763 64C 2.45GHz, NVIDIA A100 SXM4 40 GB, Infiniband HDR200","IT4Innovations National Supercomputing Center, VSB-Technical University of Ostrava",HPE,Czechia,2021,Academic,71424,"62,208",6752.0,9080.18,"1,710,720",,185.84,310.99,Submitted,21.71,,Cluster,AMD EPYC 7763 64C 2.45GHz,AMD Zen-3 (Milan),2450.0,CentOS,Linux,NVIDIA A100 SXM4 40 GB,64,AMD Milan,Apollo 6500,HP Apollo,Infiniband,Infiniband HDR200,Europe,"50,561",180026
73,74,63.0,49,13,MareNostrum,"Lenovo SD530, Xeon Platinum 8160 24C 2.1GHz, Intel Omni-Path",Barcelona Supercomputing Center,Lenovo,Spain,2017,Academic,153216,,6470.8,10296.12,"5,990,400",,122.24,1632.0,Submitted,3.96,,Cluster,Xeon Platinum 8160  24C 2.1GHz,Intel Skylake,2100.0,SUSE Linux,Linux,None,24,Xeon Platinum,ThinkSystem SD530,Lenovo ThinkSystem,Omnipath,Intel Omni-Path,Europe,"49,748",179067
75,76,,58,76,LUMI-C,"HPE Cray EX, AMD EPYC 7763 64C 2.45GHz, Slingshot-10",EuroHPC/CSC,HPE,Finland,2021,Research,194560,,6299.79,7626.75,"6,201,599",,102.60,1215.53,Submitted,5.18,,MPP,AMD EPYC 7763 64C 2.45GHz,AMD Zen-3 (Milan),2450.0,HPE Cray OS,Linux,None,64,AMD Milan,HPE Cray EX,HPE Cray EX,Gigabit Ethernet,Slingshot-10,Europe,"50,908",180045
76,77,65.0,51,23,JUWELS Module 1,"Bull Sequana X1000, Xeon Platinum 8168 24C 2.7GHz, Mellanox EDR InfiniBand/ParTec ParaStation ClusterSuite",Forschungszentrum Juelich (FZJ),Atos,Germany,2018,Research,114480,,6177.73,9891.07,"4,996,992",,75.35,1361.0,Submitted,4.54,,Cluster,Xeon Platinum 8168 24C 2.7GHz,Intel Skylake,2700.0,CentOS,Linux,None,24,Xeon Platinum,BullSequana X1000,BullSequana,Infiniband,Mellanox EDR InfiniBand/ParTec ParaStation ClusterSuite,Europe,"47,871",179424
78,79,67.0,57,67,SQUID - CPU Nodes,"NEC LX 103Bj-8, Xeon Platinum 8368 38C 2.4GHz, Infiniband HDR200",Osaka University,NEC,Japan,2021,Academic,115520,,6105.1,8871.94,"6,558,880",,82.87,1222.2,Submitted,5.0,,Cluster,Xeon Platinum 8368 38C 2.4GHz,Intel Ice Lake,2400.0,CentOS,Linux,None,38,Xeon® Platinum 83xx (Ice Lake),NEC LX 103Bj-8,NEC Cluster,Infiniband,Infiniband HDR200,Asia,"48,585",179934
80,81,70.0,37,7,Pleiades,"SGI ICE X, Intel Xeon E5-2670/E5-2680v2/E5-2680v3/E5-2680v4  2.6/2.8/2.5/2.4 GHz, Infiniband FDR",NASA/Ames Research Center/NAS,HPE,United States,2016,Research,241108,,5951.55,7107.15,"6,500,160",,175.18,4407.0,Submitted,1.35,,Cluster,Intel Xeon E5-2680v2  10C 2.8GHz,Intel IvyBridge,2800.0,SUSE Linux Enterprise Server 11,Linux,None,10,Intel Xeon E5 (IvyBridge),SGI ICE X,SGI ICE,Infiniband,Infiniband FDR,North America,"48,408",177259
82,83,,58,83,Narval (GPU),"PowerEdge XE8545, AMD EPYC 7413 24C 2.65GHz, NVIDIA A100, InfiniBand HDR100",Calcul Québec/Compute Canada,DELL EMC,Canada,2021,Academic,76320,"68,688",5886.0,12165.35,"1,769,472",,134.39,311.14,Submitted,18.92,,Cluster,AMD EPYC 7413 24C 2.65GHz,AMD Zen-3 (Milan),2650.0,Rocky Linux 8.4,Linux,NVIDIA A100,24,AMD Milan,PowerEdge XE8545,Dell PowerEdge Cluster,Infiniband,InfiniBand HDR100,North America,"50,800",180032
83,84,72.0,57,72,Aitken,"HPE Apollo 9000/HPE SGI 8600, AMD EPYC 7742 64C 2.25GHz/Intel Xeon Gold 6248 20C 2.5GHz, Mellanox EDR/HDR Infiniband",NASA/Ames Research Center/NAS,HPE,United States,2020,Research,175648,,5795.3,8329.73,"7,388,160",,113.47,1401.0,Submitted,4.14,,Cluster,Xeon Gold 6248 20C 2.5GHz,Intel Cascade lake,2500.0,SLES12,Linux,None,20,Xeon Gold 62xx (Cascade Lake),Apollo 9000,HP Apollo,Infiniband,Infiniband EDR/HDR ,North America,"48,408",179959
84,85,73.0,54,37,Sawtooth,"HPE SGI 8600, Xeon Platinum 8268 24C 2.9GHz, Infiniband EDR/HDR ",Idaho National Laboratory,HPE,United States,2019,Research,99792,,5780.62,9220.61,"6,532,608",,,1432.0,Submitted,4.04,,Cluster,Xeon Platinum 8268 24C 2.9GHz,Intel Cascade lake,2900.0,RHEL 7.6,Linux,None,24,Xeon Platinum 82xx (Cascade Lake),HPE SGI 8600,HPE SGI 8600,Infiniband,Infiniband EDR/HDR ,North America,"47,650",179708
85,86,74.0,51,25,,"Cray XC50, Xeon Platinum 8160  24C 2.1GHz, Aries interconnect ",Japan Meteorological Agency,Cray Inc./Hitachi,Japan,2018,Research,135792,,5730.5,9125.22,"5,667,840",,,1353.95,Submitted,4.23,,MPP,Xeon Platinum 8160  24C 2.1GHz,Intel Skylake,2100.0,Cray Linux Environment ,Linux,None,24,Xeon Platinum,Cray XC50,Cray XC,Custom Interconnect,Aries interconnect ,Asia,"48,169",179414
86,87,75.0,51,26,,"Cray XC50, Xeon Platinum 8160  24C 2.1GHz, Aries interconnect ",Japan Meteorological Agency,Cray Inc./Hitachi,Japan,2018,Research,135792,,5730.5,9125.22,"5,667,840",,,1353.95,Submitted,4.23,,MPP,Xeon Platinum 8160  24C 2.1GHz,Intel Skylake,2100.0,Cray Linux Environment ,Linux,None,24,Xeon Platinum,Cray XC50,Cray XC,Custom Interconnect,Aries interconnect ,Asia,"48,169",179415
87,88,76.0,51,28,COBRA,"Intel Compute Module HNS2600BP, Xeon Gold 6148 20C 2.4GHz, Intel Omni-Path",Max-Planck-Gesellschaft MPI/IPP,Intel,Germany,2018,Research,127520,,5612.83,9793.54,"5,213,184",,,1635.0,Submitted,3.43,,Cluster,Xeon Gold 6148 20C 2.4GHz,Intel Skylake,2400.0,SUSE Linux Enterprise Server 12 SP1,Linux,None,20,Xeon Gold,Intel Compute Module HNS2600BP,Intel Cluster,Omnipath,Intel Omni-Path,Europe,"48,331",179423
88,89,77.0,45,7,Shaheen II,"Cray XC40, Xeon E5-2698v3 16C 2.3GHz, Aries interconnect ",King Abdullah University of Science and Technology,HPE,Saudi Arabia,2015,Academic,196608,,5536.99,7235.17,"9,738,048",,113.87,2834.0,Submitted,1.95,,MPP,Xeon E5-2698v3 16C 2.3GHz,Intel Haswell,2300.0,Cray Linux Environment ,Linux,None,16,Intel Xeon E5 (Haswell),Cray XC40,Cray XC,Custom Interconnect,Aries interconnect ,Asia,"50,205",178515
89,90,78.0,52,33,Electra,"HPE SGI 8600/SGI ICE-X, E5-2680V4/ Xeon Gold 6148 20C 2.4GHz, Infiniband EDR/FDR-56 IB",NASA/Ames Research Center/NAS,HPE,United States,2018,Research,124416,,5444.64,8316.52,"6,931,200",,65.00,1685.73,Submitted,3.23,,Cluster,Xeon Gold 6148 20C 2.4GHz,Intel Skylake,2400.0,SLES12 SP2,Linux,None,20,Xeon Gold,HPE SGI 8600,HPE SGI 8600,Infiniband,Infiniband EDR,North America,"48,408",179589
91,92,80.0,55,47,MAHTI,"Bull Sequana XH2000 , AMD Rome 7H12 64C 2.6GHz, Mellanox HDR100",CSC (Center for Scientific Computing),Atos,Finland,2020,Academic,169728,,5388.52,7060.68,"6,362,304",,,1070.0,Submitted,5.04,,Cluster,AMD Rome 7H12 64C 2.6GHz,AMD Zen-2 (Rome),2600.0,bullx SCS,Linux,None,64,AMD Rome,BullSequana XH2000,BullSequana,Infiniband,InfiniBand HDR100,Europe,"47,508",179855
92,93,81.0,41,12,Pangea,"SGI ICE X, Xeon Xeon E5-2670/ E5-2680v3 12C 2.5GHz, Infiniband FDR",Total Exploration Production,HPE,France,2013,Industry,220800,,5283.11,6712.32,"4,919,040",,162.69,4150.0,Submitted,1.27,,Cluster,Xeon E5-2680v3 12C 2.5GHz,Intel Haswell,2500.0,SUSE Linux Enterprise Server 11,Linux,None,12,Intel Xeon E5 (Haswell),SGI ICE X,SGI ICE,Infiniband,Infiniband FDR,Europe,"49,546",178071
94,95,,58,95,"DiRAC, Tursa","BullSequana XH2000, AMD EPYC 7302 32C 3GHz, NVIDIA A100 40GB, Mellanox HDR Infiniband",University of Edinburgh,Atos,United Kingdom,2021,Academic,55552,"48,384",5228.0,8580.0,"1,457,280",,,243.95,Submitted,21.43,,Cluster,AMD EPYC 7302 32C 3GHz,AMD Zen-2 (Rome),3000.0,Linux,Linux,NVIDIA A100 40GB,32,AMD Rome,BullSequana XH2000,BullSequana,Infiniband,Mellanox HDR Infiniband,Europe,"49,151",180018
95,96,83.0,53,51,TX-GAIA (Green AI Accelerator),"Apollo 2000, Xeon Gold 6248 20C 2.5GHz, NVIDIA Tesla V100, Intel Omni-Path",MIT Lincoln Laboratory Supercomputing Center,HPE,United States,2019,Academic,88400,"70,720",5161.0,6981.48,"4,455,360",,,1436.0,Submitted,3.59,,Cluster,Xeon Gold 6248 20C 2.5GHz,Intel Cascade lake,2500.0,CentOS Linux 7,Linux,NVIDIA Tesla V100,20,Xeon Gold 62xx (Cascade Lake),Apollo 2000,HP Apollo,Omnipath,Intel Omni-Path,North America,"48,296",179603
99,100,87.0,48,21,Cheyenne,"SGI ICE XA, Xeon E5-2697v4 18C 2.3GHz, Infiniband EDR",National Center for Atmospheric Research (NCAR),HPE,United States,2016,Research,144900,,4788.19,5332.32,"5,171,520",,87.28,1727.0,Submitted,2.77,,Cluster,Xeon E5-2697v4 18C 2.3GHz,Intel Broadwell,2300.0,SUSE Linux Enterprise Server 12 SP1,Linux,None,18,Intel Xeon E5 (Broadwell),SGI ICE XA,SGI ICE,Infiniband,Infiniband EDR,North America,"48,418",178965
105,106,93.0,57,93,Wisteria/BDEC-01 (Aquarius),"PRIMERGY GX2570 M6, Xeon Platinum 8360Y 36C 2.4GHz, NVIDIA A100 SXM4 40 GB, Infiniband HDR","Information Technology Center, The University of Tokyo",Fujitsu,Japan,2021,Academic,42120,"38,880",4425.0,7268.83,"1,347,016",,84.71,183.93,Submitted,24.06,,Cluster,Xeon Platinum 8360Y 36C 2.4GHz,Intel Ice Lake,2400.0,Linux,Linux,NVIDIA A100 SXM4 40 GB,36,Xeon® Platinum 83xx (Ice Lake),PRIMERGY GX2570 M6,Fujitsu PRIMERGY,Infiniband,Infiniband HDR,Asia,"50,096",179963
106,107,94.0,55,56,Atlas,"Bull 4029GP-TVRT, Xeon Gold 6240 18C 2.6GHz, NVIDIA Tesla V100, Infiniband EDR",Petróleo Brasileiro S.A,Atos,Brazil,2020,Industry,91936,"87,040",4376.0,8848.49,"2,081,280",,,546.58,Submitted,8.01,,Cluster,Xeon Gold 6240 18C 2.6GHz,Intel Cascade lake,2600.0,CentOS,Linux,NVIDIA Tesla V100,18,Xeon Gold 62xx (Cascade Lake),Bull 4029GP-TVRT,Bull Cluster,Infiniband,Infiniband EDR,South America,"49,587",179854
107,108,95.0,52,38,Advanced Computing System(PreE),"Sugon TC8600, Hygon Dhyana  32C 2GHz, Deep Computing Processor, 200Gb 6D-Torus",Sugon,Sugon,China,2018,Vendor,163840,"131,072",4325.0,6134.17,"1,876,000",,,380.0,Submitted,11.38,,Cluster,Hygon Dhyana 32C 2GHz,X86_64,2000.0,CentOS,Linux,Deep Computing Processor,32,Hygon Dhyana,Sugon TC8600,Sugon Cluster,Gigabit Ethernet,200Gb 6D-Torus,Asia,"50,797",179593
108,109,96.0,56,67,CRONOS,"BullSequana X, Xeon Platinum 8260 24C 2.4GHz, Infiniband HDR",EDF,Atos,France,2020,Industry,81600,,4299.33,7136.87,"6,317,568",,,1225.53,Submitted,3.51,,Cluster,Xeon Platinum 8260 24C 2.4GHz,Intel Cascade lake,2400.0,Linux,Linux,None,24,Xeon Platinum 82xx (Cascade Lake),BullSequana X,BullSequana,Infiniband,Infiniband HDR,Europe,"50,679",179899
109,110,97.0,53,45,Oakbridge-CX,"Fujitsu PRIMERGY CX2550/CX2560 M5, Xeon Platinum 8280 28C 2.7GHz, Intel Omni-Path","Information Technology Center, The University of Tokyo",Fujitsu,Japan,2019,Academic,76608,,4289.85,6618.93,"5,124,856",,53.53,845.09,Submitted,5.08,,Cluster,Xeon Platinum 8280 28C 2.7GHz,Intel Cascade lake,2700.0,Linux,Linux,None,28,Xeon Platinum 82xx (Cascade Lake),Fujitsu PRIMERGY CX2550/CX2560 M5,Fujitsu PRIMERGY,Omnipath,Intel Omni-Path,Asia,"50,096",179606
110,111,98.0,56,69,SNL/NNSA CTS-1 Manzano,"Tundra Extreme Scale, Xeon Platinum 8268 24C 2.9GHz, Intel Omni-Path",Sandia National Laboratories,Penguin Computing,United States,2020,Research,71424,,4281.0,6628.15,"5,491,968","5,184,000",40.29,960.0,Submitted,4.46,,Cluster,Xeon Platinum 8268 24C 2.9GHz,Intel Cascade lake,2900.0,Linux/TOSS,Linux,None,24,Xeon Platinum 82xx (Cascade Lake),Tundra Extreme Scale,Penguin Computing Cluster,Omnipath,Intel Omni-Path,North America,"48,748",179907
112,113,101.0,51,34,JOLIOT-CURIE SKL,"Bull Sequana X1000, Xeon Platinum 8168 24C 2.7GHz, Mellanox EDR",CEA/TGCC-GENCI,Atos,France,2017,Research,79488,,4065.55,6635.52,"5,861,568",,52.68,917.0,Submitted,4.43,,Cluster,Xeon Platinum 8168 24C 2.7GHz,Intel Skylake,2700.0,bullx SCS,Linux,None,24,Xeon Platinum,BullSequana X1000,BullSequana,Infiniband,Mellanox InfiniBand EDR,Europe,"50,414",179411
113,114,102.0,45,13,Abel,"Cray XC30, Xeon E5-2698v3 16C 2.3GHz, Aries interconnect ",Petroleum Geo-Services,HPE,United States,2015,Industry,145920,,4042.46,5369.86,"8,338,176",,,1800.0,Submitted,2.25,,MPP,Xeon E5-2698v3 16C 2.3GHz,Intel Haswell,2300.0,Cray Linux Environment ,Linux,None,16,Intel Xeon E5 (Haswell),Cray XC30,Cray XC,Custom Interconnect,Aries interconnect ,North America,"48,602",178556
116,117,103.0,43,21,,"Cray XC40, Xeon E5-2695v4 18C 2.1GHz, Aries interconnect ",ECMWF,HPE,United Kingdom,2016,Research,126468,,3944.68,4249.33,"7,171,008",,65.46,1897.02,Submitted,2.08,,MPP,Xeon E5-2695v4 18C 2.1GHz,Intel Broadwell,2100.0,Cray Linux Environment ,Linux,None,18,Intel Xeon E5 (Broadwell),Cray XC40,Cray XC,Custom Interconnect,Aries interconnect ,Europe,"47,752",178431
117,118,104.0,47,19,,"Cray XC40, Xeon E5-2695v4 18C 2.1GHz, Aries interconnect ",ECMWF,HPE,United Kingdom,2016,Research,126468,,3944.68,4249.33,"7,171,008",,65.46,1897.02,Submitted,2.08,,MPP,Xeon E5-2695v4 18C 2.1GHz,Intel Broadwell,2100.0,Cray Linux Environment ,Linux,None,18,Intel Xeon E5 (Broadwell),Cray XC40,Cray XC,Custom Interconnect,Aries interconnect ,Europe,"47,752",178749
118,119,105.0,57,105,,"SX-Aurora TSUBASA A412-8, Vector Engine Type10AE 8C 1.58GHz, InfiniBand HDR 100",Deutscher Wetterdienst,NEC,Germany,2020,Research,18688,,3870.1,5605.63,"3,516,816",,213.77,647.99,Submitted,5.97,,Cluster,Vector Engine Type10AE 8C 1.58GHz,NEC Vector Engine,1584.0,VEOS,Linux,None,8,Vector Engine,SX-Aurora TSUBASA A412-8,SX-Aurora TSUBASA,Infiniband,InfiniBand HDR 100,Europe,"47,712",179928
120,121,107.0,51,39,Pratyush,"Cray XC40, Xeon E5-2695v4 18C 2.1GHz, Aries interconnect ",Indian Institute of Tropical Meteorology,HPE,India,2018,Research,119232,,3763.94,4006.2,"5,935,104",,,1353.23,Submitted,2.78,,MPP,Xeon E5-2695v4 18C 2.1GHz,Intel Broadwell,2100.0,Cray Linux Environment ,Linux,None,18,Intel Xeon E5 (Broadwell),Cray XC40,Cray XC,Custom Interconnect,Aries interconnect ,Asia,"50,296",179416
126,127,113.0,51,53,Niagara,"ThinkSystem SD530, Xeon Gold 6248 20C 2.5GHz, InfiniBand HDR100",SciNet/University of Toronto/Compute Canada,Lenovo,Canada,2017,Research,80640,,3599.66,6253.06,"3,276,672",,,919.42,Submitted,3.92,,Cluster,Xeon Gold 6148 20C 2.4GHz,Intel Skylake,2400.0,CentOS,Linux,None,20,Xeon Gold,ThinkSystem SD530,Lenovo ThinkSystem,Infiniband,4xEDR Infiniband,North America,"50,206",179408
127,128,114.0,44,11,,"Cray CS-Storm, Intel Xeon E5-2660v2 10C 2.2GHz, Infiniband FDR, Nvidia K40",Government,HPE,United States,2014,Government,72800,"62,400",3577.0,6131.84,"2,336,000",,,1498.9,Submitted,2.39,,Cluster,Xeon E5-2660v2 10C 2.2GHz,Intel IvyBridge,2200.0,Linux,Linux,NVIDIA Tesla K40,10,Intel Xeon E5 (IvyBridge),Cray CS-Storm,Cray CS-Storm,Infiniband,Infiniband FDR,North America,"50,046",178445
128,129,115.0,45,15,,"Cray CS-Storm, Intel Xeon E5-2660v2 10C 2.2GHz, Infiniband FDR, Nvidia K40",Government,HPE,United States,2015,Government,72800,"62,400",3577.0,6131.84,"2,336,000",,,1498.9,Submitted,2.39,,Cluster,Xeon E5-2660v2 10C 2.2GHz,Intel IvyBridge,2200.0,Linux,Linux,NVIDIA Tesla K40,10,Intel Xeon E5 (IvyBridge),Cray CS-Storm,Cray CS-Storm,Infiniband,Infiniband FDR,North America,"50,046",178519
130,131,116.0,56,85,Altair,"CH121L V5 Liquid-Cooled, Xeon Platinum 8268 24C 2.9GHz, Infiniband EDR",PCSS Poznan,Huawei,Poland,2020,Academic,63360,,3533.61,5879.81,"5,216,256",,,829.0,Submitted,4.26,,Cluster,Xeon Platinum 8268 24C 2.9GHz,Intel Cascade lake,2900.0,CentOS,Linux,None,24,Xeon Platinum 82xx (Cascade Lake),CH121L V5 Liquid-Cooled,Huawei Cluster,Infiniband,Infiniband EDR,Europe,"50,183",179903
136,137,120.0,55,74,Cedar (GPU),"PowerEdge C6420, Xeon Silver 4216 16C 2.1GHz, NVIDIA Tesla V100, Intel Omni-Path",Simon Fraser University/Compute Canada,ACTION,Canada,2020,Academic,67584,"61,440",3371.0,5834.4,"1,780,800",,,310.0,Submitted,10.87,,Cluster,Xeon Silver 4216 16C 2.1GHz,Intel Skylake,2100.0,CentOS,Linux,NVIDIA Tesla V100,16,Xeon Silver,PowerEdge C6420,Dell PowerEdge Cluster,Omnipath,Intel Omni-Path,North America,"50,722",179859
137,138,121.0,45,16,Topaz,"SGI ICE X, Xeon E5-2699v3 18C 2.3GHz, Infiniband FDR",ERDC DSRC,HPE,United States,2015,Research,124200,,3318.95,4570.56,"5,779,200",,,5175.0,Submitted,0.64,,Cluster,Xeon E5-2699v3 18C 2.3GHz,Intel Haswell,2300.0,SUSE Linux Enterprise Server 11,Linux,None,18,Intel Xeon E5 (Haswell),SGI ICE X,SGI ICE,Infiniband,Infiniband FDR,North America,"47,771",178523
138,139,122.0,49,32,,"NVIDIA DGX-1/Relion 2904GT, Xeon E5-2698v4 20C 2.2GHz/ E5-2650v4, Infiniband EDR, NVIDIA Tesla P100/Quadro GP100",Facebook,Self-made,United States,2017,Industry,60512,"55,552",3307.0,4896.51,"1,419,545",,,349.5,Submitted,9.46,,Cluster,Xeon E5-2698v4 20C 2.2GHz,Intel Broadwell,2200.0,Ubuntu,Linux,NVIDIA Tesla P100,20,Intel Xeon E5 (Broadwell),NVIDIA DGX-1/Relion 2904GT,Hybrid Cluster,Infiniband,Infiniband EDR,North America,"50,701",179068
140,141,124.0,57,124,,"SX-Aurora TSUBASA A412-8, Vector Engine Type10AE 8C 1.58GHz, Mellanox InfiniBand HDR100",Deutscher Wetterdienst,NEC,Germany,2020,Research,14336,,3250.4,4282.08,"3,073,770",,203.00,565.08,Submitted,5.75,,Cluster,Vector Engine Type10AE 8C 1.58GHz,NEC Vector Engine,1584.0,VEOS,Linux,None,8,Vector Engine,SX-Aurora TSUBASA A412-8,SX-Aurora TSUBASA,Infiniband,InfiniBand HDR100,Europe,"47,712",179973
141,142,125.0,51,47,Damson,"Bull Sequana X1000, Xeon E5-2697v4 18C 2.3GHz, Infiniband EDR",AWE,Atos,United Kingdom,2017,Research,113832,,3243.41,3791.58,"5,543,424",,,1134.0,Submitted,2.86,,Cluster,Xeon E5-2697v4 18C 2.3GHz,Intel Broadwell,2300.0,bullx SCS,Linux,None,18,Intel Xeon E5 (Broadwell),BullSequana X1000,BullSequana,Infiniband,Infiniband EDR,Europe,"47,363",179409
142,143,126.0,54,69,LLNL/NNSA CTS-1 MAGMA,"Relion Cluster, Intel Xeon Platinum 9242 48C 2.3GHz, Intel Omni-Path",Lawrence Livermore National Laboratory,Penguin Computing,United States,2019,Research,62400,,3241.24,4592.64,"5,177,088",,,887.0,Submitted,3.65,,Cluster,Intel Xeon Platinum 9242 48C 2.3GHz,Intel Cascade lake,2300.0,Linux/TOSS,Linux,None,48,Xeon Platinum 92xx (Cascade Lake),Relion Cluster,Penguin Computing Cluster,Omnipath,Intel Omni-Path,North America,"48,247",179774
144,145,128.0,43,12,HPC2,"iDataPlex DX360M4, Intel Xeon E5-2680v2  10C 2.8GHz, Infiniband FDR, NVIDIA K20x",Eni S.p.A.,IBM,Italy,2014,Industry,72000,"42,000",3188.0,4605.0,"3,978,240",,48.90,1227.0,Submitted,2.6,,Cluster,Intel Xeon E5-2680v2  10C 2.8GHz,Intel IvyBridge,2800.0,Linux,Linux,NVIDIA Tesla K20x,10,Intel Xeon E5 (IvyBridge),iDataPlex DX360M4,IBM iDataPlex,Infiniband,Infiniband FDR,Europe,"50,489",178425
145,146,129.0,53,142,Fênix,"Bull 4029GP-TVRT, Xeon Gold 5122 4C 3.6GHz, NVIDIA Tesla V100, Infiniband EDR",Petróleo Brasileiro S.A,Atos,Brazil,2019,Industry,60480,"57,600",3161.0,5371.78,"1,677,312",,,389.76,Submitted,8.11,,Cluster,Xeon Gold 5122 4C 3.6GHz,Intel Skylake,3600.0,CentOS,Linux,NVIDIA Tesla V100,4,Xeon Gold,Bull 4029GP-TVRT,Bull Cluster,Infiniband,Infiniband EDR,South America,"49,587",179681
149,150,131.0,55,92,Lichtenberg II (Phase 1),"MEGWARE MiriQuid, Intel Xeon Platinum 9242 48C 2.3GHz, Mellanox InfiniBand HDR100",Technische Universitaet Darmstadt,MEGWARE,Germany,2020,Academic,59136,,3148.38,4352.41,"5,102,208",,,690.0,Submitted,4.56,,Cluster,Intel Xeon Platinum 9242 48C 2.3GHz,Intel Cascade lake,2300.0,CentOS,Linux,None,48,Xeon Platinum 92xx (Cascade Lake),MEGWARE MiriQuid,MEGWARE Cluster,Infiniband,InfiniBand HDR100,Europe,"49,078",179857
150,151,132.0,43,11,,"Cray XC30, Intel Xeon E5-2697v2 12C 2.7GHz, Aries interconnect ",Government,HPE,United States,2014,Government,225984,,3143.52,4881.25,"2,541,684",,,6327.55,Submitted,0.5,,MPP,Intel Xeon E5-2697v2 12C 2.7GHz,Intel IvyBridge,2700.0,Cray Linux Environment ,Linux,None,12,Intel Xeon E5 (IvyBridge),Cray XC30,Cray XC,Custom Interconnect,Aries interconnect ,North America,"50,046",178432
155,156,133.0,45,19,Thunder,"SGI ICE X, Xeon E5-2699v3/E5-2697 v3, Infiniband FDR, NVIDIA Tesla K40, Intel Xeon Phi 7120P",Air Force Research Laboratory,HPE,United States,2015,Government,152692,"27,056",3126.24,5610.48,"5,572,800",,,4819.5,Submitted,0.65,,Cluster,Xeon E5-2699v3 18C 2.3GHz,Intel Haswell,2300.0,SUSE Linux Enterprise Server 11,Linux,NVIDIA Tesla K40/Intel Xeon Phi 7120P,18,Intel Xeon E5 (Haswell),SGI ICE X,SGI ICE,Infiniband,Infiniband FDR,North America,"49,284",178524
158,159,136.0,56,104,Alps,"HPE Cray EX, AMD EPYC 7742 64C 2.25GHz, Slingshot-10",Swiss National Supercomputing Centre (CSCS),HPE,Switzerland,2020,Research,128000,,3088.6,4608.0,"5,108,800",,,637.95,Submitted,4.84,,MPP,AMD EPYC 7742 64C 2.25GHz,AMD Zen-2 (Rome),2250.0,HPE Cray OS,Linux,None,64,AMD Rome,HPE Cray EX,HPE Cray EX,Gigabit Ethernet,Slingshot-10,Europe,"50,422",179900
159,160,137.0,55,87,Numerical Materials Simulator,"HPE SGI 8600, Xeon Platinum 8268 24C 2.9GHz, Dual-rail Intel Omni-Path",National Institute for Materials Science,HPE,Japan,2020,Research,53568,,3082.12,4971.11,"3,805,824",,,691.2,Submitted,4.46,,Cluster,Xeon Platinum 8268 24C 2.9GHz,Intel Cascade lake,2900.0,CentOS,Linux,None,24,Xeon Platinum 82xx (Cascade Lake),HPE SGI 8600,HPE SGI 8600,Omnipath,Dual-rail Intel Omni-Path,Asia,"49,749",179847
161,162,139.0,48,34,Camphor 2,"Cray XC40, Intel Xeon Phi 7250 68C 1.4GHz, Aries interconnect ","Academic Center for Computing and Media Studies (ACCMS),  Kyoto University",HPE,Japan,2016,Academic,122400,,3057.35,5483.52,"4,579,680",,,748.1,Submitted,4.09,,MPP,Intel Xeon Phi 7250 68C 1.4GHz,Intel Xeon Phi,1400.0,Cray Linux Environment ,Linux,None,68,Intel Xeon Phi,Cray XC40,Cray XC,Custom Interconnect,Aries interconnect ,Asia,"50,516",178927
163,164,141.0,45,56,Mistral,"bullx DLC 720, Xeon E5-2680v3 12C 2.5GHz/E5-2695V4 18C  2.1Ghz, Infiniband FDR",DKRZ - Deutsches Klimarechenzentrum,Atos,Germany,2015,Research,99072,,3010.68,3962.88,"4,437,696",,44.11,1116.0,Submitted,2.7,,Cluster,Xeon E5-2680v3 12C 2.5GHz,Intel Haswell,2500.0,Bullx Linux,Linux,None,12,Intel Xeon E5 (Haswell),bullx DLC 720,Bull Bullx,Infiniband,Infiniband FDR,Europe,"47,642",178567
182,183,149.0,57,149,"Karolina, CPU partition","Apollo 2000, AMD EPYC 7H12 64C 2.6GHz, InfiniBand HDR 100","IT4Innovations National Supercomputing Center, VSB-Technical University of Ostrava",HPE,Czechia,2021,Academic,92160,,2837.4,3833.86,"4,677,120",,47.97,502.7,Submitted,5.64,,Cluster,AMD EPYC 7H12 64C 2.6GHz,AMD Zen-2 (Rome),2600.0,CentOS,Linux,None,64,AMD Rome,Apollo 2000,HP Apollo,Infiniband,InfiniBand HDR 100,Europe,"50,561",179926
185,186,151.0,45,21,SuperMUC Phase 2,"NeXtScale nx360M5, Xeon E5-2697v3 14C 2.6GHz, Infiniband FDR14",Leibniz Rechenzentrum,Lenovo/IBM,Germany,2015,Academic,86016,,2813.62,3578.27,"4,423,680",,,1480.83,Submitted,1.9,,Cluster,Xeon E5-2697v3 14C 2.6GHz,Intel Haswell,2600.0,Linux,Linux,None,14,Intel Xeon E5 (Haswell),IBM NeXtScale nx360M5,NeXtScale,Infiniband,Infiniband FDR14,Europe,"48,248",178544
187,188,152.0,47,30,,"Cray XC40, Xeon E5-2695v4 18C 2.1GHz, Aries interconnect ",United Kingdom Meteorological Office,HPE,United Kingdom,2016,Research,89856,,2801.78,3019.16,,,,1347.84,Submitted,2.08,,MPP,Xeon E5-2695v4 18C 2.1GHz,Intel Broadwell,2100.0,Cray Linux Environment ,Linux,None,18,Intel Xeon E5 (Broadwell),Cray XC40,Cray XC,Custom Interconnect,Aries interconnect ,Europe,"49,064",178751
188,189,153.0,47,31,,"Cray XC40, Xeon E5-2695v4 18C 2.1GHz, Aries interconnect ",United Kingdom Meteorological Office,HPE,United Kingdom,2016,Research,89856,,2801.78,3019.16,,,,1347.84,Submitted,2.08,,MPP,Xeon E5-2695v4 18C 2.1GHz,Intel Broadwell,2100.0,Cray Linux Environment ,Linux,None,18,Intel Xeon E5 (Broadwell),Cray XC40,Cray XC,Custom Interconnect,Aries interconnect ,Europe,"49,064",178752
189,190,154.0,51,61,JFRS-1,"Cray XC50, Xeon Gold 6148 20C 2.4GHz, Aries interconnect ","Rokkasho Fusion Institute, National Institutes for Quantum and Radiological Science and Technology",HPE,Japan,2018,Research,54560,,2787.14,4190.21,"5,412,096",,,697.51,Submitted,4.0,,MPP,Xeon Gold 6148 20C 2.4GHz,Intel Skylake,2400.0,Cray Linux Environment ,Linux,None,20,Xeon Gold,Cray XC50,Cray XC,Custom Interconnect,Aries interconnect ,Asia,"50,767",179417
199,200,163.0,54,94,SNL/NNSA CTS-1 Attaway,"Tundra Extreme Scale, Xeon Gold 6140 18C 2.3GHz, Intel Omni-Path",Sandia National Laboratories,Penguin Computing,United States,2019,Research,52920,,2724.52,3894.91,"4,999,680",,38.80,750.0,Submitted,3.63,,Cluster,Xeon Gold 6140 18C 2.3GHz,Intel Skylake,2300.0,Linux/TOSS,Linux,None,18,Xeon Gold,Tundra Extreme Scale,Penguin Computing Cluster,Omnipath,Intel Omni-Path,North America,"48,748",179777
210,211,174.0,48,42,LLNL/NNSA CTS-1 Jade,"Tundra Extreme Scale, Xeon E5-2695v4 18C 2.1GHz, Intel Omni-Path",Lawrence Livermore National Laboratory,Penguin Computing,United States,2016,Research,95472,,2632.51,3207.86,"5,601,024",,,13620.0,Submitted,0.19,,Cluster,Xeon E5-2695v4 18C 2.1GHz,Intel Broadwell,2100.0,Linux/TOSS,Linux,None,18,Intel Xeon E5 (Broadwell),Tundra Extreme Scale,Penguin Computing Cluster,Omnipath,Intel Omni-Path,North America,"48,247",178969
211,212,175.0,48,43,LLNL CTS-1 Quartz,"Tundra Extreme Scale, Xeon E5-2695v4 18C 2.1GHz, Intel Omni-Path",Lawrence Livermore National Laboratory,Penguin Computing,United States,2016,Research,95472,,2632.51,3207.86,"5,601,024",,,13620.0,Submitted,0.19,,Cluster,Xeon E5-2695v4 18C 2.1GHz,Intel Broadwell,2100.0,Linux/TOSS,Linux,None,18,Intel Xeon E5 (Broadwell),Tundra Extreme Scale,Penguin Computing Cluster,Omnipath,Intel Omni-Path,North America,"48,247",178971
219,220,179.0,55,114,Cedar (CPU),"PowerEdge C6420, Xeon Platinum 8160  24C 2.1GHz, Intel Omni-Path",Simon Fraser University/Compute Canada,ACTION,Canada,2020,Academic,67584,,2607.98,4895.54,"4,320,000",,,792.0,Submitted,3.29,,Cluster,Xeon Platinum 8260 24C 2.4GHz,Intel Cascade lake,2400.0,CentOS,Linux,None,24,Xeon Platinum 82xx (Cascade Lake),PowerEdge C6420,Dell PowerEdge Cluster,Omnipath,Intel Omni-Path,North America,"50,722",179858
221,222,181.0,57,181,AlphaCentauri,"NEC HPC 22S8Ri-4, EPYC 7352 24C 2.3GHz, NVIDIA A100 SXM4 40 GB, Infiniband HDR200","TU Dresden, ZIH",NEC,Germany,2021,Academic,31008,"29,376",2592.0,5364.06,"1,170,432",,87.54,163.65,Submitted,15.84,,Cluster,EPYC 7352 24C 2.3GHz,AMD Zen-2 (Rome),2300.0,CentOS,Linux,NVIDIA A100 SXM4 40 GB,24,AMD Rome,NEC HPC 22S8Ri-4,NEC Cluster,Infiniband,Infiniband HDR200,Europe,"50,565",179942
227,228,187.0,51,66,Mihir,"Cray XC40, Xeon E5-2695v4 18C 2.1GHz, Aries interconnect ",National Centre for Medium Range Weather Forecasting,HPE,India,2018,Research,83592,,2570.4,2808.69,"3,349,440",,,954.73,Submitted,2.69,,MPP,Xeon E5-2695v4 18C 2.1GHz,Intel Broadwell,2100.0,Cray Linux Environment ,Linux,None,18,Intel Xeon E5 (Broadwell),Cray XC40,Cray XC,Custom Interconnect,Aries interconnect ,Asia,"50,235",179418
228,229,188.0,36,1,Tianhe-1A,"NUDT YH MPP, Xeon X5670 6C 2.93 GHz, NVIDIA 2050",National Supercomputing Center in Tianjin,NUDT,China,2010,Research,186368,"100,352",2566.0,4701.0,"3,600,000","1,000,000",,4040.0,Submitted,0.64,,MPP,Xeon X5670 6C 2.93GHz,Intel Nehalem,2930.0,Linux,Linux,NVIDIA 2050,6,Xeon 5600-series (Westmere-EP),NUDT YH MPP,NUDT MPP,Proprietary Network,Proprietary,Asia,"50,310",176929
229,230,189.0,56,146,Spartan2,"Bull Sequana XH2000 , AMD EPYC 7402 24C 2.8GHz, NVIDIA A100, Mellanox HDR Infiniband",Atos,Atos,France,2020,Vendor,23040,"20,736",2566.0,3847.22,"981,504",,66.70,105.76,Submitted,24.26,,Cluster,AMD EPYC 7402 24C 2.8GHz,AMD Zen-2 (Rome),2800.0,Linux,Linux,NVIDIA A100,24,AMD Rome,BullSequana XH2000,BullSequana,Infiniband,Mellanox HDR Infiniband,Europe,"50,630",179893
230,231,190.0,51,68,PAI-BSystem,"Sugon TC4600LP/W740I, Xeon Gold 6142 16C 2.6GHz, Infiniband EDR, NVIDIA Tesla P100",China Meteorological Administration,Sugon,China,2018,Research,50816,"2,688",2547.0,4229.85,"5,498,000",,,710.0,Submitted,3.59,,Cluster,Xeon Gold 6142 16C 2.6GHz,Intel Skylake,2600.0,RHEL 7.3,Linux,NVIDIA Tesla P100,16,Xeon Gold,Sugon TC4600LP,Sugon Cluster,Infiniband,Infiniband EDR,Asia,"47,551",179440
231,232,191.0,42,14,cascade,"Atipa Visione IF442 Blade Server, Xeon E5-2670 8C 2.600GHz, Infiniband FDR, Intel Xeon Phi 5110P",DOE/SC/Pacific Northwest National Laboratory,Atipa,United States,2013,Research,194616,"171,720",2539.13,3388.03,"4,032,000",,,1384.0,Submitted,1.83,,Cluster,Xeon E5-2670 8C 2.6GHz,Intel SandyBridge,2600.0,Linux,Linux,Intel Xeon Phi 5110P,8,Intel Xeon E5 (SandyBridge),Atipa Visione IF442 Blade Server,Atipa Cluster,Infiniband,Infiniband FDR,North America,"48,611",178250
233,234,192.0,49,51,occigen2,"bullx DLC 720, Xeon E5-2690v4 14C 2.6GHz, Infiniband FDR",Grand Equipement National de Calcul Intensif - Centre Informatique National de l'Enseignement Suprieur (GENCI-CINES),Atos,France,2016,Academic,85824,,2494.65,3570.28,"3,889,152",,45.48,1430.0,Submitted,1.74,,Cluster,Xeon E5-2690v4 14C 2.6GHz,Intel Broadwell,2600.0,bullx SCS,Linux,None,14,Intel Xeon E5 (Broadwell),bullx DLC 720,Bull Bullx,Infiniband,Infiniband FDR,Europe,"50,203",179092
235,236,194.0,44,20,Excalibur,"Cray XC40, Xeon E5-2698v3 16C 2.3GHz, Aries interconnect ",Army Research Laboratory DoD Supercomputing Resource Center (ARL DSRC),HPE,United States,2014,Government,100064,,2485.0,3682.36,"6,441,408",,,1465.78,Submitted,1.7,,MPP,Xeon E5-2698v3 16C 2.3GHz,Intel Haswell,2300.0,Cray Linux Environment ,Linux,None,16,Intel Xeon E5 (Haswell),Cray XC40,Cray XC,Custom Interconnect,Aries interconnect ,North America,"50,423",178447
236,237,195.0,53,92,CLAIX (2018),"INTEL-HNS2600BPB, Xeon Platinum 8160  24C 2.1GHz, Intel Omni-Path",Universitaet Aachen/RWTH - IT Center,NEC,Germany,2018,Academic,61200,,2483.58,4112.64,"2,937,600",,,692.05,Submitted,3.59,,Cluster,Xeon Platinum 8160  24C 2.1GHz,Intel Skylake,2100.0,CentOS,Linux,None,24,Xeon Platinum,INTEL-HNS2600BPB,NEC Cluster,Omnipath,Intel Omni-Path,Europe,"50,675",179682
243,244,202.0,49,53,Centennial,"SGI ICE XA, Xeon E5-2698v4 20C 2.2GHz, Infiniband EDR",US Army Research Laboratory (ARL),HPE,United States,2017,Research,73920,,2443.7,2601.98,"5,127,360",,,835.0,Submitted,2.93,,Cluster,Xeon E5-2698v4 20C 2.2GHz,Intel Broadwell,2200.0,RHEL 7.2,Linux,None,20,Intel Xeon E5 (Broadwell),SGI ICE XA,SGI ICE,Infiniband,Infiniband EDR,North America,"49,039",179105
244,245,203.0,51,74,PAI-ASystem,"Sugon TC4600, Xeon Gold 6142 16C 2.6GHz, Infiniband EDR",China Meteorological Administration,Sugon,China,2017,Research,48128,,2435.0,4004.25,"5,572,000",,,740.0,Submitted,3.29,,Cluster,Xeon Gold 6142 16C 2.6GHz,Intel Skylake,2600.0,Linux,Linux,None,16,Xeon Gold,Sugon TC4600,Sugon Cluster,Infiniband,Infiniband EDR,Asia,"47,551",179425
250,251,209.0,46,29,Nuri,"Cray XC40, Xeon E5-2690v3 12C 2.6GHz, Aries interconnect ",Korea Meteorological Administration,HPE,South Korea,2015,Research,69600,,2395.68,2895.36,"6,661,248",,,1359.38,Submitted,1.76,,MPP,Xeon E5-2690v3 12C 2.6GHz,Intel Haswell,2600.0,Cray Linux Environment ,Linux,None,12,Intel Xeon E5 (Haswell),Cray XC40,Cray XC,Custom Interconnect,Aries interconnect ,Asia,"48,217",178611
251,252,210.0,46,30,Miri,"Cray XC40, Xeon E5-2690v3 12C 2.6GHz, Aries interconnect ",Korea Meteorological Administration,HPE,South Korea,2015,Research,69600,,2395.68,2895.36,"6,661,248",,,1359.38,Submitted,1.76,,MPP,Xeon E5-2690v3 12C 2.6GHz,Intel Haswell,2600.0,Cray Linux Environment ,Linux,None,12,Intel Xeon E5 (Haswell),Cray XC40,Cray XC,Custom Interconnect,Aries interconnect ,Asia,"48,217",178612
261,262,214.0,56,170,NVIDIA DGX SuperPOD,"NVIDIA DGX A100, AMD EPYC 7742 64C 2.25GHz, NVIDIA A100, Mellanox HDR Infiniband",NVIDIA Corporation,Nvidia,United States,2020,Vendor,19840,"17,280",2356.0,2812.8,"1,262,888",,63.00,89.94,Submitted,26.2,,Cluster,AMD EPYC 7742 64C 2.25GHz,AMD Zen-2 (Rome),2250.0,Ubuntu 20.04.1 LTS,Linux,NVIDIA A100,64,AMD Rome,NVIDIA DGX A100,NVIDIA DGX,Infiniband,Mellanox HDR Infiniband,North America,"48,448",179910
266,267,216.0,57,216,Ares,"CH121L V5 Liquid-Cooled, Xeon Platinum 8268 24C 2.9GHz, Infiniband EDR",Cyfronet,Huawei,Poland,2021,Academic,37824,,2338.79,3510.07,"4,157,568",,31.22,486.85,Submitted,4.8,,Cluster,Xeon Platinum 8268 24C 2.9GHz,Intel Cascade lake,2900.0,CentOS,Linux,None,24,Xeon Platinum 82xx (Cascade Lake),CH121L V5 Liquid-Cooled,Huawei Cluster,Infiniband,Infiniband EDR,Europe,"47,634",179958
269,270,219.0,57,219,HoreKa-Blue,"ThinkSystem SD650 V2, Xeon Platinum 8368 38C 2.4GHz, Mellanox HDR Infiniband",Karlsruher Institut für Technologie (KIT) ,Lenovo,Germany,2021,Academic,45752,,2333.51,3513.75,"2,764,800",,,494.51,Submitted,4.72,,Cluster,Xeon Platinum 8368 38C 2.4GHz,Intel Ice Lake,2400.0,Linux,Linux,None,38,Xeon® Platinum 83xx (Ice Lake),ThinkSystem SD650 V2,Lenovo ThinkSystem,Infiniband,Mellanox HDR Infiniband,Europe,"50,444",179914
273,274,223.0,51,78,Makman-3,"PowerEdge R440/C6320p, Intel Xeon Phi 7250/Xeon Gold 6130 16C 2.1GHz, Intel Omni-Path",Saudi Aramco,DELL EMC,Saudi Arabia,2018,Industry,53300,,2322.46,3581.76,"4,171,000",,,608.0,Submitted,3.82,,Cluster,Xeon Gold 6130 16C 2.1GHz,Intel Skylake,2100.0,RHEL 7.4,Linux,None,16,Xeon Gold,PowerEdge R440,Dell PowerEdge Cluster,Omnipath,Intel Omni-Path,Asia,"48,751",179437
277,278,227.0,56,181,Taiwania 3,"QCT QuantaPlex T42D-2U/4N, Xeon Platinum 8280 28C 2.7GHz, InfiniBand HDR 100",National Center for High Performance Computing,Quanta Computer / Taiwan Fixed Network / ASUS Cloud,Taiwan,2020,Research,50400,,2297.56,4354.56,"4,354,560","725,760",,563.85,Submitted,4.07,,Cluster,Xeon Platinum 8280 28C 2.7GHz,Intel Cascade lake,2700.0,CentOS,Linux,None,28,Xeon Platinum 82xx (Cascade Lake),QCT QuantaPlex T42D-2U/4N,QCT QuantaPlex,Infiniband,InfiniBand HDR 100,Asia,"48,468",179902
279,280,,58,280,Wilkes-3,"PowerEdge XE8545, AMD EPYC 7763 64C 2.45GHz, NVIDIA A100 80GB​, Infiniband HDR200 dual rail",University of Cambridge,DELL EMC,United Kingdom,2021,Academic,26880,"20,736",2287.0,6641.41,"1,345,248","700,000",,74.26,Submitted,30.8,,Cluster,AMD EPYC 7763 64C 2.45GHz,AMD Zen-3 (Milan),2450.0,CentOS,Linux,NVIDIA A100 80GB​,64,AMD Milan,PowerEdge XE8545,Dell PowerEdge Cluster,Infiniband,Infiniband HDR200 dual rail,Europe,"49,143",180046
281,282,230.0,57,230,MeluXina - Cluster Module,"BullSequana XH2000, AMD EPYC 7H12 64C 2.6GHz, Mellanox HDR200 InfiniBand/ParTec ParaStation ClusterSuite",LuxProvide,Atos,Luxembourg,2021,Research,73344,,2286.56,3003.18,"5,568,192",,,377.21,Submitted,6.06,,Cluster,AMD EPYC 7H12 64C 2.6GHz,AMD Zen-2 (Rome),2600.0,RHEL compatible,Linux,None,64,AMD Rome,BullSequana XH2000,BullSequana,Infiniband,Mellanox HDR200 InfiniBand/ParTec ParaStation ClusterSuite,Europe,"50,882",179964
287,288,235.0,53,106,Béluga,"Dell EMC PowerEdge R640, Xeon Gold 6148 20C 2.4GHz, NVIDIA Tesla V100, Infiniband EDR",Calcul Québec/Compute Canada,DELL EMC,Canada,2019,Academic,72480,"55,040",2278.0,7494.78,"2,959,104","790,272",,240.0,Submitted,9.49,,Cluster,Xeon Gold 6148 20C 2.4GHz,Intel Skylake,2400.0,CentOS,Linux,NVIDIA Tesla V100,20,Xeon Gold,PowerEdge R640,Dell PowerEdge Cluster,Infiniband,Infiniband EDR,North America,"50,800",179605
290,291,,58,291,SSC-21 Scalable Module,"Apollo 6500 Gen10 plus, AMD  EPYC 7543 32C 2.8GHz, NVIDIA A100 80GB​, Infiniband HDR200",Samsung Electronics,HPE,South Korea,2021,Industry,16704,"15,552",2274.1,2597.82,"1,190,000",,,103.01,Submitted,22.08,,Cluster,AMD  EPYC 7543 32C 2.8GHz,AMD Zen-3 (Milan),2800.0,RHEL 8.3,Linux,NVIDIA A100 80GB​,32,AMD Milan,Apollo 6500 Gen10 plus,HP Apollo,Infiniband,Infiniband HDR200,Asia,"50,903",180042
291,292,238.0,52,87,Cumulus,"PowerEdge C6420/C6320, Intel Xeon Phi 7210/Xeon Gold 6142F 16C 2.6GHz, Intel Omni-Path",University of Cambridge,DELL EMC,United Kingdom,2018,Academic,50176,,2271.38,2688.0,"3,928,320",,,530.0,Submitted,4.29,,Cluster,Xeon Gold 6142F 16C 2.6GHz,Intel Skylake,2600.0,Scientific Linux,Linux,None,16,Xeon Gold,PowerEdge C6420/C6320,Dell PowerEdge Cluster,Omnipath,Intel Omni-Path,Europe,"49,143",179577
294,295,,58,295,Tethys,"NVIDIA DGX A100 Liquid Cooled Prototype, AMD EPYC 7742 64C 2.25GHz, NVIDIA A100 80GB​, Infiniband HDR",NVIDIA Corporation,Nvidia,United States,2021,Vendor,19840,"17,280",2255.0,2680.0,"1,265,664",,,71.5,Submitted,31.54,,Cluster,AMD EPYC 7742 64C 2.25GHz,AMD Zen-2 (Rome),2250.0,Ubuntu 20.04.1 LTS,Linux,NVIDIA A100 80GB​,64,AMD Rome,NVIDIA DGX A100 Liquid Cooled Prototype,NVIDIA DGX,Infiniband,Infiniband HDR,North America,"48,448",180034
295,296,241.0,45,28,Makman-2,"Dell PowerEdge R630, Xeon E5-2680v3 12C 2.5GHz, Infiniband QDR",Saudi Aramco,DELL EMC,Saudi Arabia,2015,Industry,76032,,2249.68,3041.28,"4,460,544",,,1134.0,Submitted,1.98,,Cluster,Xeon E5-2680v3 12C 2.5GHz,Intel Haswell,2500.0,Redhat Enterprise Linux 6.5,Linux,None,12,Intel Xeon E5 (Haswell),Dell PowerEdge R630,Dell PowerEdge Cluster,Infiniband,Infiniband QDR,Asia,"48,751",178606
298,299,244.0,53,110,,"Sugon TC6000, Xeon Gold 6130 16C 2.1GHz, 25G Ethernet",Internet Company,Sugon,China,2019,Industry,67200,,2192.0,4515.84,"5,097,000",,,740.0,Submitted,2.96,,Cluster,Xeon Gold 6130 16C 2.1GHz,Intel Skylake,2100.0,CentOS,Linux,None,16,Xeon Gold,Sugon TC6000,Sugon Cluster,Gigabit Ethernet,25G Ethernet,Asia,"50,743",179672
300,301,335.0,55,393,MN-3,"MN-Core Server, Xeon Platinum 8260M 24C 2.4GHz, Preferred Networks MN-Core, MN-Core DirectConnect",Preferred Networks,Preferred Networks,Japan,2020,Industry,1664,128,2181.2,3389.52,"720,896","517,120",,55.39,Submitted,39.38,,Cluster,Xeon Platinum 8260M 24C 2.4GHz,Intel Cascade lake,2400.0,Ubuntu,Linux,Preferred Networks MN-Core,24,Xeon Platinum 82xx (Cascade Lake),MN-Core Server,Preferred Networks Cluster,Custom Interconnect,MN-Core DirectConnect,Asia,"50,832",179806
309,310,251.0,53,114,,"Sugon TC6000, Xeon Gold 5118 12C 2.3GHz, 10G Ethernet",Internet Company,Sugon,China,2019,Industry,121920,,2152.0,8973.31,"6,472,000",,,1625.0,Submitted,1.32,,Cluster,Xeon Gold 5118 12C 2.3GHz,Intel Skylake,2300.0,Linux,Linux,None,12,Xeon Gold,Sugon TC6000,Sugon Cluster,Gigabit Ethernet,10G Ethernet,Asia,"50,743",179678
312,313,,58,313,Snellius Phase 1 CPU,"ThinkSystem SR645, AMD EPYC 7H12 64C 2.6GHz, InfiniBand HDR100",SURF,Lenovo,Netherlands,2021,Research,73728,,2127.8,3067.08,"4,092,928",,29.71,504.0,Submitted,4.22,,Cluster,AMD EPYC 7H12 64C 2.6GHz,AMD Zen-2 (Rome),2600.0,CentOS Linux 8.4,Linux,None,64,AMD Rome,ThinkSystem SR645,Lenovo ThinkSystem,Infiniband,InfiniBand HDR100,Europe,"50,900",180027
318,319,258.0,54,135,,"Sugon TC6000, Xeon Gold 5118 12C 2.3GHz, NVIDIA Tesla V100, Infiniband EDR",Xinjiang SC Center,Sugon,China,2019,Government,44720,"41,600",2115.0,3903.43,"507,000",,,265.0,Submitted,7.98,,Cluster,Xeon Gold 5118 12C 2.3GHz,Intel Skylake,2300.0,CentOS,Linux,NVIDIA Tesla V100,12,Xeon Gold,Sugon TC6000,Sugon Cluster,Infiniband,Infiniband EDR,Asia,"50,790",179729
320,321,260.0,53,133,MagicCube3,"Sugon TC6000, Xeon Gold 6142 16C 2.6GHz, Intel Omni-Path, NVIDIA Tesla V100",Shanghai Supercomputer Center,Sugon,China,2019,Research,40960,"5,120",2109.0,3434.09,"5,153,000",,,430.0,Submitted,4.9,,Cluster,Xeon Gold 6142 16C 2.6GHz,Intel Skylake,2600.0,CentOS,Linux,NVIDIA Tesla V100,16,Xeon Gold,Sugon TC6000,Sugon Cluster,Omnipath,Intel Omni-Path,Asia,"49,697",179695
322,323,262.0,51,83,ATERUI II ,"Cray XC50, Xeon Gold 6148 20C 2.4GHz, Aries interconnect ",National Astronomical Observatory of Japan,HPE,Japan,2018,Academic,40000,,2089.98,3072.0,"4,915,200",,36.64,495.86,Submitted,4.21,,MPP,Xeon Gold 6148 20C 2.4GHz,Intel Skylake,2400.0,Cray Linux Environment ,Linux,None,20,Xeon Gold,Cray XC50,Cray XC,Custom Interconnect,Aries interconnect ,Asia,"50,097",179419
323,324,263.0,55,271,Greene,"ThinkSystem SR650, Xeon Gold 6240 18C 2.6GHz, Infiniband HDR",New York University,Lenovo,United States,2020,Academic,32796,,2088.83,3042.43,"3,846,912",,,511.54,Submitted,4.08,,Cluster,Xeon Platinum 8268 24C 2.9GHz,Intel Cascade lake,2900.0,Linux,Linux,None,24,Xeon Platinum 82xx (Cascade Lake),ThinkSystem SR650,Lenovo ThinkSystem,Infiniband,Infiniband HDR,North America,"49,783",179851
324,325,264.0,54,140,,"Sugon TC6000, Xeon Gold 5118 12C 2.3GHz, NVIDIA Tesla V100, 25G Ethernet",Internet Service U,Sugon,China,2019,Others,44032,"40,960",2087.0,3843.38,"503,000",,,260.0,Submitted,8.03,,Cluster,Xeon Gold 5118 12C 2.3GHz,Intel Skylake,2300.0,CentOS,Linux,NVIDIA Tesla V100,12,Xeon Gold,Sugon TC6000,Sugon Cluster,Gigabit Ethernet,25G Ethernet,Asia,"50,777",179730
331,332,271.0,44,22,Tianhe-2 LvLiang Solution,"Tianhe-2 LvLiang, Intel Xeon E5-2692v2 12C 2.2GHz, TH Express-2, Intel Xeon Phi 31S1P",LvLiang Cloud Computing Center,NUDT,China,2014,Industry,174720,"153,216",2071.39,3074.53,"2,366,976",,37.62,997.0,Submitted,2.08,,Cluster,Intel Xeon E5-2692v2 12C 2.2GHz,Intel IvyBridge,2200.0,Kylin Linux,Linux,Intel Xeon Phi 31S1P,12,Intel Xeon E5 (IvyBridge),Tianhe-2 LvLiang,Tianhe-2 LvLiang,Custom Interconnect,TH Express-2,Asia,"50,546",178464
338,339,277.0,54,152,,"Sugon TC6000, Xeon Gold 6140 18C 2.3GHz, 10G Ethernet",Telecom Company,Sugon,China,2019,Industry,55440,,2026.0,4080.38,"3,564,000",,,590.0,Submitted,3.43,,Cluster,Xeon Gold 6140 18C 2.3GHz,Intel Skylake,2300.0,CentOS,Linux,None,18,Xeon Gold,Sugon TC6000,Sugon Cluster,Gigabit Ethernet,10G Ethernet,Asia,"50,591",179785
344,345,283.0,53,121,,"Sugon TC6000, Xeon Gold 5118 12C 2.3GHz, 10G Ethernet",Internet Company,Sugon,China,2019,Industry,110880,,2007.0,8160.77,"6,172,000",,,1470.0,Submitted,1.37,,Cluster,Xeon Gold 5118 12C 2.3GHz,Intel Skylake,2300.0,Linux,Linux,None,12,Xeon Gold,Sugon TC6000,Sugon Cluster,Gigabit Ethernet,10G Ethernet,Asia,"50,743",179677
345,346,284.0,54,155,,"Sugon TC6000, Xeon Gold 5118 12C 2.3GHz, NVIDIA Tesla V100, 25G Ethernet",Internet Company,Sugon,China,2019,Industry,42312,"39,360",2003.0,3693.54,"493,000",,,250.0,Submitted,8.01,,Cluster,Xeon Gold 5118 12C 2.3GHz,Intel Skylake,2300.0,CentOS,Linux,NVIDIA Tesla V100,12,Xeon Gold,Sugon TC6000,Sugon Cluster,Gigabit Ethernet,25G Ethernet,Asia,"50,598",179731
349,350,288.0,54,159,A64FX prototype,"Fujitsu A64FX, Fujitsu A64FX 48C 2GHz, Tofu interconnect D",Fujitsu Numazu Plant,Fujitsu,Japan,2019,Vendor,36864,,1999.5,2359.3,"1,576,960",,,118.48,Submitted,16.88,,Cluster,Fujitsu A64FX 48C 2GHz,Fujitsu ARM,2000.0,Linux,Linux,None,48,Fujitsu A64FX,Fujitsu A64FX,Fujitsu Cluster,Proprietary Network,Tofu interconnect D,Asia,"50,811",179706
350,351,289.0,52,96,TTSystem,"Sugon TC6000, Xeon E5-2630v4 10C 2.2GHz, 10G Ethernet",Internet Service (B),Sugon,China,2018,Industry,116600,,1997.0,4104.32,"8,069,000",,,1200.0,Submitted,1.66,,Cluster,Xeon E5-2630v4 10C 2.2GHz,Intel Broadwell,2200.0,CentOS,Linux,None,10,Intel Xeon E5 (Broadwell),Sugon TC6000,Sugon Cluster,Gigabit Ethernet,10G Ethernet,Asia,"50,330",179544
351,352,290.0,54,161,,"Sugon TC6000, Xeon Gold 6148 20C 2.4GHz, Infiniband EDR",Chengdu SC Center,Sugon,China,2019,Industry,520000,,1985.0,39936.0,"3,274,000",,,510.0,Submitted,3.89,,Cluster,Xeon Gold 6148 20C 2.4GHz,Intel Skylake,2400.0,CentOS,Linux,None,20,Xeon Gold,Sugon TC6000,Sugon Cluster,Infiniband,Infiniband EDR,Asia,"50,815",179732
353,354,292.0,52,97,Gaïa,"Bull intel Cluster, Xeon Gold 6140 18C 2.3GHz, Intel Omni-Path",EDF,Atos,France,2018,Industry,41472,,1980.53,3052.34,"4,451,328",,,512.0,Submitted,3.87,,Cluster,Xeon Gold 6140 18C 2.3GHz,Intel Skylake,2300.0,Calibre OS,Linux,None,18,Xeon Gold,Bull intel Cluster,Bull Cluster,Omnipath,Intel Omni-Path,Europe,"50,679",179569
354,355,293.0,53,128,HKVDPSystem,"Sugon TC6000, Xeon E5-2620v4 8C 2.1GHz, 10G Ethernet",IT Service Provider,Sugon,China,2018,Industry,121920,,1979.0,4096.51,"6,769,000",,,1216.0,Submitted,1.63,,Cluster,Xeon E5-2620v4 8C 2.1GHz,Intel Broadwell,2100.0,Linux,Linux,None,8,Intel Xeon E5 (Broadwell),Sugon TC6000,Sugon Cluster,Gigabit Ethernet,10G Ethernet,Asia,"50,710",179679
355,356,294.0,52,98,HKVDPSystem,"Sugon TC6000, Xeon E5-2620v4 8C 2.1GHz, 10G Ethernet",Internet Company,Sugon,China,2018,Industry,121920,,1979.0,4096.51,"6,769,000",,,1216.0,Submitted,1.63,,Cluster,Xeon E5-2620v4 8C 2.1GHz,Intel Broadwell,2100.0,Linux,Linux,None,8,Intel Xeon E5 (Broadwell),Sugon TC6000,Sugon Cluster,Gigabit Ethernet,10G Ethernet,Asia,"50,707",179532
356,357,295.0,53,130,bsystem,"Sugon TC6000, Xeon Gold 6130 16C 2.1GHz, 25G Ethernet",Internet Company,Sugon,China,2019,Industry,60800,,1976.0,4085.76,"4,848,000",,,660.0,Submitted,2.99,,Cluster,Xeon Gold 6130 16C 2.1GHz,Intel Skylake,2100.0,CentOS,Linux,None,16,Xeon Gold,Sugon TC6000,Sugon Cluster,Gigabit Ethernet,25G Ethernet,Asia,"50,743",179671
363,364,300.0,48,266,Mogon II,"NEC Cluster, Xeon Gold 6130 16C 2.1GHz, MEGWARE MiriQuid Xeon E5-2630v4, Intel Omni-Path",Universitaet Mainz,NEC/MEGWARE,Germany,2017,Academic,49432,,1967.81,2800.87,"3,179,520","888,000",,657.0,Submitted,3.0,,Cluster,Xeon Gold 6130 16C 2.1GHz,Intel Skylake,2100.0,CentOS,Linux,None,16,Xeon Gold,NEC Cluster,NEC Cluster,Omnipath,Intel Omni-Path,Europe,"49,102",178930
365,366,302.0,54,173,,"Sugon TC6000, Xeon Gold 5118 12C 2.3GHz, 25G Ethernet, NVIDIA Tesla V100",Energy Company,Sugon,China,2019,Industry,41280,"38,400",1963.0,3603.46,"487,000",,,245.0,Submitted,8.01,,Cluster,Xeon Gold 5118 12C 2.3GHz,Intel Skylake,2300.0,CentOS,Linux,NVIDIA Tesla V100,12,Xeon Gold,Sugon TC6000,Sugon Cluster,Gigabit Ethernet,25G Ethernet,Asia,"50,417",179783
366,367,303.0,54,174,,"Sugon TC6000, Xeon Gold 6132 14C 2.6GHz, 25G Ethernet",Telecom Company,Sugon,China,2019,Industry,47600,,1955.0,3960.32,"3,744,000",,,650.0,Submitted,3.01,,Cluster,Xeon Gold 6132 14C 2.6GHz,Intel Skylake,2600.0,CentOS,Linux,None,14,Xeon Gold,Sugon TC6000,Sugon Cluster,Gigabit Ethernet,25G Ethernet,Asia,"50,591",179784
367,368,304.0,54,175,,"Sugon TC6000, Xeon Gold 6140 18C 2.3GHz, 10G Ethernet",State Grid Corp,Sugon,China,2019,Industry,53280,,1952.0,3921.41,"3,494,000",,,570.0,Submitted,3.42,,Cluster,Xeon Gold 6140 18C 2.3GHz,Intel Skylake,2300.0,CentOS,Linux,None,18,Xeon Gold,Sugon TC6000,Sugon Cluster,Gigabit Ethernet,10G Ethernet,Asia,"50,610",179786
368,369,305.0,54,176,,"Sugon TC6000, Xeon Gold 6130 16C 2.1GHz, 25G Ethernet",IT Service Provider,Sugon,China,2019,Industry,58112,,1934.0,3905.13,"3,870,000",,,630.0,Submitted,3.07,,Cluster,Xeon Gold 6130 16C 2.1GHz,Intel Skylake,2100.0,CentOS,Linux,None,16,Xeon Gold,Sugon TC6000,Sugon Cluster,Gigabit Ethernet,25G Ethernet,Asia,"50,741",179736
370,371,307.0,52,102,CTcluster,"Sugon TC6000, Xeon Gold 6140 18C 2.3GHz, 10G Ethernet",Telecom Company,Sugon,China,2018,Industry,54000,,1928.0,3974.4,"4,093,000",,,520.0,Submitted,3.71,,Cluster,Xeon Gold 6140 18C 2.3GHz,Intel Skylake,2300.0,CentOS,Linux,None,18,Xeon Gold,Sugon TC6000,Sugon Cluster,Gigabit Ethernet,10G Ethernet,Asia,"50,591",179535
373,374,310.0,52,103,,"Huawei 2288H V5, Xeon Gold 6150 18C 2.7GHz, 10G Ethernet",Energy Company,Huawei,China,2018,Industry,49680,,1914.38,4292.35,"4,569,600",,,732.78,Submitted,2.61,,Cluster,Xeon Gold 6150 18C 2.7GHz,Intel Skylake,2700.0,Linux,Linux,None,18,Xeon Gold,Huawei 2288H V5,Huawei Cluster,Gigabit Ethernet,10G Ethernet,Asia,"50,417",179595
375,376,312.0,54,184,,"Sugon TC6000, Xeon Gold 6132 14C 2.6GHz, 25G Ethernet",DJIT Company,Sugon,China,2019,Industry,46200,,1901.0,3843.84,"3,689,000",,,630.0,Submitted,3.02,,Cluster,Xeon Gold 6132 14C 2.6GHz,Intel Skylake,2600.0,CentOS,Linux,None,14,Xeon Gold,Sugon TC6000,Sugon Cluster,Gigabit Ethernet,25G Ethernet,Asia,"50,787",179734
376,377,313.0,44,57,Piz Daint Multicore,"Cray XC40, Xeon E5-2695v4 18C 2.1GHz, Aries interconnect ",Swiss National Supercomputing Centre (CSCS),HPE,Switzerland,2016,Research,65268,,1896.75,2193.01,"3,711,744",,,732.4,Submitted,2.59,,MPP,Xeon E5-2695v4 18C 2.1GHz,Intel Broadwell,2100.0,Cray Linux Environment ,Linux,None,18,Intel Xeon E5 (Broadwell),Cray XC40,Cray XC,Custom Interconnect,Aries interconnect ,Europe,"50,422",178451
377,378,314.0,54,186,,"Sugon TC6000, Xeon Gold 6130 16C 2.1GHz, 25G Ethernet",Internet Company,Sugon,China,2019,Industry,56800,,1896.0,3816.96,"4,686,000",,,625.0,Submitted,3.03,,Cluster,Xeon Gold 6130 16C 2.1GHz,Intel Skylake,2100.0,CentOS,Linux,None,16,Xeon Gold,Sugon TC6000,Sugon Cluster,Gigabit Ethernet,25G Ethernet,Asia,"50,761",179737
382,383,318.0,47,45,Tera-1000-1,"bullx DLC 720, Xeon E5-2698v3 16C 2.3GHz, Infiniband FDR",Commissariat a l'Energie Atomique (CEA),Atos,France,2016,Research,70272,,1871.0,2586.01,"4,263,552",,35.19,1042.0,Submitted,1.8,,Cluster,Xeon E5-2698v3 16C 2.3GHz,Intel Haswell,2300.0,Bullx Linux,Linux,None,16,Intel Xeon E5 (Haswell),bullx DLC 720,Bull Bullx,Infiniband,Infiniband FDR,Europe,"47,593",178790
389,390,325.0,53,141,bsystem,"Sugon TC6000, Xeon Gold 6130 16C 2.1GHz, 25G Ethernet",Internet Company,Sugon,China,2019,Industry,55040,,1838.0,3698.69,"4,613,000",,,600.0,Submitted,3.06,,Cluster,Xeon Gold 6130 16C 2.1GHz,Intel Skylake,2100.0,CentOS,Linux,None,16,Xeon Gold,Sugon TC6000,Sugon Cluster,Gigabit Ethernet,25G Ethernet,Asia,"50,743",179670
391,392,327.0,54,197,,"Sugon TC6000, Xeon Gold 6148 20C 2.4GHz, 25G Ethernet",DJIT Company,Sugon,China,2019,Industry,48000,,1833.0,3686.4,"3,146,000",,,470.0,Submitted,3.9,,Cluster,Xeon Gold 6148 20C 2.4GHz,Intel Skylake,2400.0,CentOS,Linux,None,20,Xeon Gold,Sugon TC6000,Sugon Cluster,Gigabit Ethernet,25G Ethernet,Asia,"50,787",179733
392,393,328.0,52,204,Astra,"Apollo 70, Marvell ThunderX2 ARM CN9975-2000  28C 2GHz, 4xEDR Infiniband",Sandia National Laboratories,HPE,United States,2018,Research,143640,,1833.0,2298.24,"5,220,096",,90.90,1192.54,Submitted,1.54,,Cluster,Marvell ThunderX2 CN9975-2000  28C 2GHz,ThunderX2,2000.0,Tri-Lab Operating System ,Linux,None,28,Marvell ThunderX2,Apollo 70,HP Apollo,Infiniband,4xEDR Infiniband,North America,"48,748",179565
393,394,329.0,54,199,,"Sugon TC6000, Xeon Gold 5117 14C 2GHz, 25G Ethernet",Internet Service (B),Sugon,China,2019,Industry,116200,,1832.0,7436.8,"5,758,000",,,1300.0,Submitted,1.41,,Cluster,Xeon Gold 5117 14C 2GHz,Intel Skylake,2000.0,CentOS,Linux,None,14,Xeon Gold,Sugon TC6000,Sugon Cluster,Gigabit Ethernet,25G Ethernet,Asia,"50,330",179738
395,396,331.0,50,85,scafellpike,"Bull Sequana X1000, Intel Xeon Phi 7210 64C 1.3GHz/Xeon Gold 6142, Mellanox EDR",Science and Technology Facilities Council,Atos,United Kingdom,2017,Research,80640,,1829.86,4329.73,"4,162,560",,,529.0,Submitted,3.46,,Cluster,Intel Xeon Phi 7210 64C 1.3GHz,Intel Xeon Phi,1300.0,bullx SCS,Linux,None,64,Intel Xeon Phi,BullSequana X1000,BullSequana,Infiniband,Infiniband EDR,Europe,"50,732",179163
398,399,333.0,52,108,JGV100System,"Sugon TC6000, Xeon E5-2680v4 14C 2.4GHz, NVIDIA Tesla V100, 10G Ethernet",Internet Company,Sugon,China,2018,Industry,41760,"38,400",1825.0,3353.18,"908,000",,,240.0,Submitted,7.6,,Cluster,Xeon E5-2680v4 14C 2.4GHz,Intel Broadwell,2400.0,CentOS,Linux,NVIDIA Tesla V100,14,Intel Xeon E5 (Broadwell),Sugon TC6000,Sugon Cluster,Gigabit Ethernet,10G Ethernet,Asia,"50,598",179555
399,400,334.0,54,204,,"Sugon TC6000, Xeon Gold 6132 14C 2.6GHz, 10G Ethernet",IT Service Provider,Sugon,China,2019,Industry,44100,,1824.0,3669.12,"3,604,000",,,600.0,Submitted,3.04,,Cluster,Xeon Gold 6132 14C 2.6GHz,Intel Skylake,2600.0,CentOS,Linux,None,14,Xeon Gold,Sugon TC6000,Sugon Cluster,Gigabit Ethernet,10G Ethernet,Asia,"50,709",179735
402,403,,58,403,Snellius Phase 1 GPU,"ThinkSystem SD650-N V2, Xeon Platinum 8360Y 36C 2.4GHz, NVIDIA A100 SXM4 40 GB, Infiniband HDR",SURF,Lenovo,Netherlands,2021,Research,6480,"3,888",1818.0,3007.07,"844,992",,34.13,62.59,Submitted,29.05,,Cluster,Xeon Platinum 8360Y 36C 2.4GHz,Intel Ice Lake,2400.0,CentOS Linux 8.4,Linux,NVIDIA A100 SXM4 40 GB,36,Xeon® Platinum 83xx (Ice Lake),ThinkSystem SD650-N V2,Lenovo ThinkSystem,Infiniband,Infiniband HDR,Europe,"50,900",180033
403,404,338.0,54,207,,"Sugon TC6000, Xeon Gold 6130 16C 2.1GHz, 25G Ethernet",Government Agency (S),Sugon,China,2019,Government,54240,,1815.0,3644.93,"4,626,000",,,600.0,Submitted,3.03,,Cluster,Xeon Gold 6130 16C 2.1GHz,Intel Skylake,2100.0,CentOS,Linux,None,16,Xeon Gold,Sugon TC6000,Sugon Cluster,Gigabit Ethernet,25G Ethernet,Asia,"50,824",179787
404,405,339.0,54,208,szaisystem,"Sugon TC6000, Xeon Gold 6248 20C 2.5GHz, NVIDIA Tesla V100, Infiniband EDR",Suzhou SC center,Sugon,China,2019,Industry,30600,"27,200",1814.0,2674.1,"824,000",,,180.0,Submitted,10.08,,Cluster,Xeon Gold 6248 20C 2.5GHz,Intel Cascade lake,2500.0,CentOS,Linux,NVIDIA Tesla V100,20,Xeon Gold 62xx (Cascade Lake),Sugon TC6000,Sugon Cluster,Infiniband,Infiniband EDR,Asia,"50,812",179713
407,408,342.0,52,109,JCSystem,"Sugon TC6000, Xeon E5-2620v4 8C 2.1GHz, 10G Ethernet",Internet Company,Sugon,China,2018,Industry,110080,,1807.0,3698.69,"6,432,000",,,1100.0,Submitted,1.64,,Cluster,Xeon E5-2620v4 8C 2.1GHz,Intel Broadwell,2100.0,Linux,Linux,None,8,Intel Xeon E5 (Broadwell),Sugon TC6000,Sugon Cluster,Gigabit Ethernet,10G Ethernet,Asia,"50,598",179543
409,410,344.0,44,33,Beskow,"Cray XC40, Xeon E5-2695v4/E5-2698v3 16C 2.3GHz, Aries interconnect ",KTH - Royal Institute of Technology,HPE,Sweden,2017,Academic,67456,,1802.51,2438.14,"3,932,160",,,842.0,Submitted,2.14,,MPP,Xeon E5-2698v3 16C 2.3GHz,Intel Haswell,2300.0,Cray Linux Environment ,Linux,None,16,Intel Xeon E5 (Haswell),Cray XC40,Cray XC,Custom Interconnect,Aries interconnect ,Europe,"48,188",178448
410,411,345.0,52,112,ESSystem,"Sugon TC6000, Xeon E5-2630v4 10C 2.2GHz, 10G Ethernet",State Grid Corp,Sugon,China,2018,Industry,105000,,1790.0,3696.0,"7,657,000",,,1100.0,Submitted,1.63,,Cluster,Xeon E5-2630v4 10C 2.2GHz,Intel Broadwell,2200.0,CentOS,Linux,None,10,Intel Xeon E5 (Broadwell),Sugon TC6000,Sugon Cluster,Gigabit Ethernet,10G Ethernet,Asia,"50,610",179546
411,412,346.0,50,71,Molecular Simulator,"NEC LX Cluster, Xeon Gold 6148/6154, Intel Omni-Path",Institute for Molecular Science,NEC,Japan,2017,Research,38552,,1785.62,3072.77,"2,649,984",,,544.48,Submitted,3.28,,Cluster,Xeon Gold 6148 20C 2.4GHz,Intel Skylake,2400.0,CentOS,Linux,None,20,Xeon Gold,NEC LX Cluster,NEC Cluster,Omnipath,Intel Omni-Path,Asia,"48,473",179173
414,415,349.0,53,155,,"Sugon TC6000, Xeon Gold 5118 12C 2.3GHz, 10G Ethernet",Internet Company,Sugon,China,2019,Industry,99360,,1765.0,7312.9,"5,843,000",,,1320.0,Submitted,1.34,,Cluster,Xeon Gold 5118 12C 2.3GHz,Intel Skylake,2300.0,Linux,Linux,None,12,Xeon Gold,Sugon TC6000,Sugon Cluster,Gigabit Ethernet,10G Ethernet,Asia,"50,743",179676
419,420,354.0,52,116,CSystem,"Sugon TC6000, Xeon Gold 5118 12C 2.3GHz, 10G Ethernet",Telecom Operator (C),Sugon,China,2018,Others,97920,,1736.0,7206.91,"6,750,000",,,1000.0,Submitted,1.74,,Cluster,Xeon Gold 5118 12C 2.3GHz,Intel Skylake,2300.0,Linux,Linux,None,12,Xeon Gold,Sugon TC6000,Sugon Cluster,Gigabit Ethernet,10G Ethernet,Asia,"50,783",179538
425,426,360.0,57,360,Tryton Plus,"CH121L V5 Liquid-Cooled, Xeon Platinum 8268 24C 2.9GHz, Infiniband EDR","Gdansk University of Technology, CI Task",Huawei,Poland,2021,Academic,30432,,1728.34,2824.09,"3,544,320",,,307.0,Submitted,5.63,,Cluster,Xeon Platinum 8268 24C 2.9GHz,Intel Cascade lake,2900.0,CentOS,Linux,None,24,Xeon Platinum 82xx (Cascade Lake),CH121L V5 Liquid-Cooled,Huawei Cluster,Infiniband,Infiniband EDR,Europe,"49,152",179956
426,427,361.0,54,229,,"Huawei X6000, Xeon Gold 6242 16C 2.8GHz, Infiniband EDR",Manufacturing Company B,Huawei,Germany,2019,Industry,38400,,1724.45,3440.64,"4,224,000",,,654.6,Submitted,2.63,,Cluster,Xeon Gold 6242 16C 2.8GHz,Intel Cascade lake,2800.0,Linux,Linux,None,16,Xeon Gold 62xx (Cascade Lake),Huawei X6000,Huawei Cluster,Infiniband,Infiniband EDR,Europe,"50,690",179727
429,430,364.0,53,166,Puhti,"Bull Sequana X1000, Xeon Gold 6230 20C 2.1GHz, Mellanox HDR100",CSC (Center for Scientific Computing),Atos,Finland,2019,Academic,40000,,1706.73,2688.0,"4,462,464",,,585.0,Submitted,2.92,,Cluster,Xeon Gold 6230 20C 2.1GHz,Intel Cascade lake,2100.0,bullx SCS,Linux,None,20,Xeon Gold 62xx (Cascade Lake),BullSequana X1000,BullSequana,Infiniband,InfiniBand HDR100,Europe,"47,508",179601
431,432,366.0,45,33,SwiftLucy,"Cluster Platform 3000 BL460c Gen9, Xeon E5-2680v3 12C 2.5GHz, Infiniband FDR",Government,HPE,United States,2015,Government,57600,,1703.28,2304.0,"3,450,432",,,2880.0,Submitted,0.59,,Cluster,Xeon E5-2680v3 12C 2.5GHz,Intel Haswell,2500.0,Linux,Linux,None,12,Intel Xeon E5 (Haswell),Cluster Platform 3000 BL460c Gen9,HP Cluster Platform 3000BL,Infiniband,Infiniband FDR,North America,"50,046",178533
434,435,,58,435,NA-IT1,"ZettaScaler3.0, AMD  EPYC 7702P 64C 1.5GHz, PEZY-SC3, Infiniband EDR",NA Simulation,PEZY Computing / Exascaler Inc.,Japan,2021,Research,822400,"819,200",1684.83,2353.85,"1,548,288",,4.95,21.59,Submitted,78.04,,Cluster,AMD  EPYC 7702P 64C 1.5GHz,AMD Zen-2 (Rome),1500.0,CentOS,Linux,PEZY-SC3,64,AMD Rome,ZettaScaler3.0,Pezy/Exascaler Cluster,Infiniband,Infiniband EDR,Asia,"50,880",180043
437,438,371.0,52,129,ISystem,"Sugon TC6000, Xeon E5-2650v4 12C 2.2GHz, 10G Ethernet",IIT Company,Sugon,China,2018,Industry,97920,,1683.0,3446.78,"6,750,000",,,1050.0,Submitted,1.6,,Cluster,Xeon E5-2650v4 12C 2.2GHz,Intel Broadwell,2200.0,CentOS,Linux,None,12,Intel Xeon E5 (Broadwell),Sugon TC6000,Sugon Cluster,Gigabit Ethernet,10G Ethernet,Asia,"50,786",179541
438,439,372.0,54,240,Internet Service D,"Huawei 1288H V5, Xeon Platinum 8160  24C 2.1GHz, Infiniband EDR",Internet Service J,Huawei,China,2019,Others,48960,,1671.37,3290.11,"3,840,000",,,524.28,Submitted,3.19,,Cluster,Xeon Platinum 8160  24C 2.1GHz,Intel Skylake,2100.0,Linux,Linux,None,24,Xeon Platinum,Huawei 1288H V5,Huawei Cluster,Infiniband,Infiniband EDR,Asia,"50,776",179726
439,440,373.0,45,49,Prometheus,"HP Apollo 8000, Xeon E5-2680v3 12C 2.5GHz, Infiniband FDR, NVIDIA Tesla K40",Cyfronet,HPE,Poland,2015,Academic,55728,"2,160",1670.09,2348.64,"5,439,592",,39.94,807.6,Submitted,2.07,,Cluster,Xeon E5-2680v3 12C 2.5GHz,Intel Haswell,2500.0,Linux,Linux,NVIDIA Tesla K40,12,Intel Xeon E5 (Haswell),Apollo 8000,HP Apollo,Infiniband,Infiniband FDR,Europe,"47,634",178534
442,443,376.0,54,244,,"Sugon TC6000, AMD Epyc 7501 32C 2GHz, AMD Vega 20, Infiniband HDR",Pukou Advanced Computing Center,Sugon,China,2019,Industry,100800,"89,600",1661.0,2472.96,"582,000",,,260.0,Submitted,6.39,,Cluster,AMD Epyc 7501 32C 2GHz,AMD Zen (Naples),2000.0,CentOS,Linux,AMD Vega 20,32,AMD Naples,Sugon TC6000,Sugon Cluster,Infiniband,Infiniband HDR,Asia,"50,818",179801
443,444,377.0,35,112,Endeavor,"Intel Cluster, Intel Xeon 6245/8280/6230/8268/8260L/8276/9242, Intel Omni-Path",Intel,Intel,United States,2011,Industry,31524,,1653.92,2467.7,"3,745,920","3,179,904",23.62,558.6,Submitted,2.96,,Cluster,Xeon Gold 6230 20C 2.1GHz,Intel Cascade lake,2100.0,Linux,Linux,None,20,Xeon Gold 62xx (Cascade Lake),Intel Cluster,Intel Cluster,Omnipath,Intel Omni-Path,North America,"49,821",176908
